SET search_path = atomfeed, pg_catalog;

INSERT INTO event_records (id, uuid, title, "timestamp", uri, object, category) VALUES (1, '925614f0-5860-4262-865f-e06ca7a35750', 'Requisition Status', '2016-04-08 20:22:12.504407', '', '{"requisitionId":1,"requisitionStatus":"INITIATED","emergency":false,"startDate":1438383600000,"endDate":1440975600000,"stringStartDate":"01-08-2015","stringEndDate":"31-08-2015"}', 'requisition-status');
INSERT INTO event_records (id, uuid, title, "timestamp", uri, object, category) VALUES (2, '5cb6eca9-66fc-4b9d-a8f1-f9a1b3b841ef', 'Requisition Status', '2016-04-08 20:54:10.751362', '', '{"requisitionId":2,"requisitionStatus":"INITIATED","emergency":false,"startDate":1438383600000,"endDate":1440975600000,"stringStartDate":"01-08-2015","stringEndDate":"31-08-2015"}', 'requisition-status');
INSERT INTO event_records (id, uuid, title, "timestamp", uri, object, category) VALUES (3, 'cf58a053-8fe4-46f0-9343-88b805e2974f', 'Program Catalog Changes', '2016-04-08 21:44:14.782565', '', '{"programCode":"art","programName":"ART"}', 'program-catalog-changes');
INSERT INTO event_records (id, uuid, title, "timestamp", uri, object, category) VALUES (4, '56901cb5-e101-4e5a-990a-e72ac9779f64', 'Requisition Status', '2016-04-08 21:54:47.810712', '', '{"requisitionId":3,"requisitionStatus":"INITIATED","emergency":false,"startDate":1438383600000,"endDate":1440975600000,"stringStartDate":"01-08-2015","stringEndDate":"31-08-2015"}', 'requisition-status');
INSERT INTO event_records (id, uuid, title, "timestamp", uri, object, category) VALUES (5, 'f981ab23-095b-409a-a91e-69c5a16f4116', 'Requisition Status', '2016-04-08 22:01:13.429946', '', '{"requisitionId":4,"requisitionStatus":"INITIATED","emergency":false,"startDate":1438383600000,"endDate":1440975600000,"stringStartDate":"01-08-2015","stringEndDate":"31-08-2015"}', 'requisition-status');
INSERT INTO event_records (id, uuid, title, "timestamp", uri, object, category) VALUES (6, '03d63c78-e016-495f-b56c-59e31f74616e', 'Requisition Status', '2016-04-09 00:13:21.212751', '', '{"requisitionId":5,"requisitionStatus":"INITIATED","emergency":false,"startDate":1438383600000,"endDate":1440975600000,"stringStartDate":"01-08-2015","stringEndDate":"31-08-2015"}', 'requisition-status');
INSERT INTO event_records (id, uuid, title, "timestamp", uri, object, category) VALUES (7, '82092bc0-06f3-4159-99f3-621df2bc6ed8', 'Requisition Status', '2016-04-09 00:14:37.077079', '', '{"requisitionId":6,"requisitionStatus":"INITIATED","emergency":false,"startDate":1438383600000,"endDate":1440975600000,"stringStartDate":"01-08-2015","stringEndDate":"31-08-2015"}', 'requisition-status');
INSERT INTO event_records (id, uuid, title, "timestamp", uri, object, category) VALUES (8, 'de2f25ab-cf75-47b1-8413-fee1d49e0d04', 'Requisition Status', '2016-04-12 18:20:48.115684', '', '{"requisitionId":7,"requisitionStatus":"INITIATED","emergency":false,"startDate":1438383600000,"endDate":1440975600000,"stringStartDate":"01-08-2015","stringEndDate":"31-08-2015"}', 'requisition-status');
INSERT INTO event_records (id, uuid, title, "timestamp", uri, object, category) VALUES (9, '064894f8-6e6d-4e94-881f-a9711e3c2c04', 'Requisition Status', '2016-04-12 18:21:47.417786', '', '{"requisitionId":8,"requisitionStatus":"INITIATED","emergency":false,"startDate":1438383600000,"endDate":1440975600000,"stringStartDate":"01-08-2015","stringEndDate":"31-08-2015"}', 'requisition-status');
INSERT INTO event_records (id, uuid, title, "timestamp", uri, object, category) VALUES (10, 'ea17e3df-65e5-4f0c-934f-5c4f2d7d6645', 'Requisition Status', '2016-04-12 18:23:43.156013', '', '{"requisitionId":9,"requisitionStatus":"INITIATED","emergency":false,"startDate":1438383600000,"endDate":1440975600000,"stringStartDate":"01-08-2015","stringEndDate":"31-08-2015"}', 'requisition-status');
INSERT INTO event_records (id, uuid, title, "timestamp", uri, object, category) VALUES (11, 'ee2feafe-8713-4046-b9c3-246ab1ede0ec', 'Requisition Status', '2016-04-12 18:24:13.786811', '', '{"requisitionId":10,"requisitionStatus":"INITIATED","emergency":false,"startDate":1438383600000,"endDate":1440975600000,"stringStartDate":"01-08-2015","stringEndDate":"31-08-2015"}', 'requisition-status');
INSERT INTO event_records (id, uuid, title, "timestamp", uri, object, category) VALUES (12, 'c941371a-e232-4ac0-93d8-12552d117b0e', 'Requisition Status', '2016-04-12 18:26:33.694608', '', '{"requisitionId":11,"requisitionStatus":"INITIATED","emergency":false,"startDate":1438383600000,"endDate":1440975600000,"stringStartDate":"01-08-2015","stringEndDate":"31-08-2015"}', 'requisition-status');
INSERT INTO event_records (id, uuid, title, "timestamp", uri, object, category) VALUES (13, '8c5a2fc6-10d9-4e88-81cc-7238f94fa6f9', 'Requisition Status', '2016-04-12 18:31:41.525964', '', '{"requisitionId":12,"requisitionStatus":"INITIATED","emergency":false,"startDate":1438383600000,"endDate":1440975600000,"stringStartDate":"01-08-2015","stringEndDate":"31-08-2015"}', 'requisition-status');
INSERT INTO event_records (id, uuid, title, "timestamp", uri, object, category) VALUES (14, '075bc905-512f-481d-b093-49fc92d55ab0', 'Requisition Status', '2016-04-12 18:36:01.74554', '', '{"requisitionId":13,"requisitionStatus":"INITIATED","emergency":false,"startDate":1438383600000,"endDate":1440975600000,"stringStartDate":"01-08-2015","stringEndDate":"31-08-2015"}', 'requisition-status');
INSERT INTO event_records (id, uuid, title, "timestamp", uri, object, category) VALUES (15, '1b415aa4-f312-4300-a683-80f74568959a', 'Requisition Status', '2016-04-12 18:39:49.452098', '', '{"requisitionId":14,"requisitionStatus":"INITIATED","emergency":false,"startDate":1438383600000,"endDate":1440975600000,"stringStartDate":"01-08-2015","stringEndDate":"31-08-2015"}', 'requisition-status');
INSERT INTO event_records (id, uuid, title, "timestamp", uri, object, category) VALUES (16, 'd10dab49-b981-42f5-ba9e-5f3bab37cfb8', 'Requisition Status', '2016-04-12 18:41:21.266926', '', '{"requisitionId":15,"requisitionStatus":"INITIATED","emergency":false,"startDate":1438383600000,"endDate":1440975600000,"stringStartDate":"01-08-2015","stringEndDate":"31-08-2015"}', 'requisition-status');
INSERT INTO event_records (id, uuid, title, "timestamp", uri, object, category) VALUES (17, 'f4ea478a-ac5c-4d5c-9253-702518d3efa8', 'Requisition Status', '2016-04-12 18:49:04.353569', '', '{"requisitionId":16,"requisitionStatus":"INITIATED","emergency":false,"startDate":1438383600000,"endDate":1440975600000,"stringStartDate":"01-08-2015","stringEndDate":"31-08-2015"}', 'requisition-status');
INSERT INTO event_records (id, uuid, title, "timestamp", uri, object, category) VALUES (18, 'a792a110-764c-4ee2-ad42-80d9a27a411a', 'Requisition Status', '2016-04-12 20:04:41.312477', '', '{"requisitionId":17,"requisitionStatus":"INITIATED","emergency":true,"startDate":1459465200000,"endDate":1461970800000,"stringStartDate":"01-04-2016","stringEndDate":"30-04-2016"}', 'requisition-status');
INSERT INTO event_records (id, uuid, title, "timestamp", uri, object, category) VALUES (19, 'ab516331-004d-4b6c-90a5-7d41d6719559', 'Facility', '2016-04-12 23:38:10.626353', '', '{"geographicZone":"Pembina Valley","facilityType":"Dispensary","programsSupported":["art","epi"],"id":5,"code":"F3060B","suppliesOthers":false,"sdp":true,"hasElectricity":false,"online":false,"hasElectronicSCC":false,"hasElectronicDAR":false,"goLiveDate":1041379200000,"stringGoLiveDate":"01-01-2003","modifiedBy":4,"active":true,"virtualFacility":false,"catchmentPopulation":2000,"name":"Morris Dispensary","enabled":true}', 'facilities');
INSERT INTO event_records (id, uuid, title, "timestamp", uri, object, category) VALUES (20, '724f6241-65e5-4cbf-81b1-b6f6f65285f3', 'Facility', '2016-04-12 23:38:26.746477', '', '{"geographicZone":"Pembina Valley","facilityType":"Dispensary","programsSupported":["art","epi"],"id":5,"code":"F3060B","suppliesOthers":false,"sdp":true,"hasElectricity":false,"online":false,"hasElectronicSCC":false,"hasElectronicDAR":false,"goLiveDate":1041379200000,"goDownDate":1460329200000,"stringGoLiveDate":"01-01-2003","modifiedBy":4,"active":true,"virtualFacility":false,"catchmentPopulation":2000,"stringGoDownDate":"11-04-2016","name":"Morris Dispensary","enabled":true}', 'facilities');
INSERT INTO event_records (id, uuid, title, "timestamp", uri, object, category) VALUES (21, '118dffa1-81fa-4638-af05-2b58e78e1a2f', 'Facility', '2016-04-12 23:39:06.458271', '', '{"geographicZone":"Pembina Valley","facilityType":"Dispensary","programsSupported":["art","epi"],"id":5,"code":"F3060B","suppliesOthers":false,"sdp":true,"hasElectricity":false,"online":false,"hasElectronicSCC":false,"hasElectronicDAR":false,"goLiveDate":1041379200000,"goDownDate":1523401200000,"stringGoLiveDate":"01-01-2003","modifiedBy":4,"active":false,"virtualFacility":false,"catchmentPopulation":2000,"stringGoDownDate":"11-04-2018","name":"Morris Dispensary","enabled":true}', 'facilities');
INSERT INTO event_records (id, uuid, title, "timestamp", uri, object, category) VALUES (22, 'c88337a4-0053-45b0-a3ef-b1cdb858ccd5', 'Facility', '2016-04-12 23:39:16.486755', '', '{"geographicZone":"Pembina Valley","facilityType":"Dispensary","programsSupported":["art","epi"],"id":5,"code":"F3060B","suppliesOthers":false,"sdp":true,"hasElectricity":false,"online":false,"hasElectronicSCC":false,"hasElectronicDAR":false,"goLiveDate":1041379200000,"goDownDate":1523401200000,"stringGoLiveDate":"01-01-2003","modifiedBy":4,"active":true,"virtualFacility":false,"catchmentPopulation":2000,"stringGoDownDate":"11-04-2018","name":"Morris Dispensary","enabled":true}', 'facilities');
INSERT INTO event_records (id, uuid, title, "timestamp", uri, object, category) VALUES (23, 'cb755121-2f49-44b1-bf5e-4d166bfb911e', 'Requisition Status', '2016-04-13 00:35:34.941914', '', '{"requisitionId":13,"requisitionStatus":"SUBMITTED","emergency":false,"startDate":1438383600000,"endDate":1440975600000,"stringStartDate":"01-08-2015","stringEndDate":"31-08-2015"}', 'requisition-status');
INSERT INTO event_records (id, uuid, title, "timestamp", uri, object, category) VALUES (24, '9fad96c0-3753-4339-841c-b52f3ee7c678', 'Requisition Status', '2016-04-13 00:35:40.218519', '', '{"requisitionId":13,"requisitionStatus":"AUTHORIZED","emergency":false,"startDate":1438383600000,"endDate":1440975600000,"stringStartDate":"01-08-2015","stringEndDate":"31-08-2015"}', 'requisition-status');
INSERT INTO event_records (id, uuid, title, "timestamp", uri, object, category) VALUES (32, 'c22aa89d-2fdb-4b3c-a5ca-cc41a8522014', 'Requisition Status', '2016-04-13 19:06:27.361256', '', '{"requisitionId":21,"requisitionStatus":"INITIATED","emergency":false,"startDate":1441062000000,"endDate":1443567600000,"stringStartDate":"01-09-2015","stringEndDate":"30-09-2015"}', 'requisition-status');
INSERT INTO event_records (id, uuid, title, "timestamp", uri, object, category) VALUES (36, 'cf7d76a4-6c03-46bd-8694-8c5fd468e813', 'Requisition Status', '2016-04-13 19:43:14.303908', '', '{"requisitionId":23,"requisitionStatus":"AUTHORIZED","emergency":false,"startDate":1441062000000,"endDate":1443567600000,"stringStartDate":"01-09-2015","stringEndDate":"30-09-2015"}', 'requisition-status');
INSERT INTO event_records (id, uuid, title, "timestamp", uri, object, category) VALUES (37, 'eda1c36f-33ac-4db1-abd4-9f5ab3643075', 'Requisition Status', '2016-04-13 19:46:55.510567', '', '{"requisitionId":23,"requisitionStatus":"APPROVED","emergency":false,"startDate":1441062000000,"endDate":1443567600000,"stringStartDate":"01-09-2015","stringEndDate":"30-09-2015"}', 'requisition-status');
INSERT INTO event_records (id, uuid, title, "timestamp", uri, object, category) VALUES (45, 'af3518ce-98d4-4f0c-a44b-ffe1b26da553', 'Requisition Status', '2016-04-14 18:29:29.788759', '', '{"requisitionId":29,"requisitionStatus":"INITIATED","emergency":false,"startDate":1441062000000,"endDate":1443567600000,"stringStartDate":"01-09-2015","stringEndDate":"30-09-2015"}', 'requisition-status');
INSERT INTO event_records (id, uuid, title, "timestamp", uri, object, category) VALUES (51, 'd57c76a0-8a60-4265-a5c4-10bc81b0c391', 'Programs Supported', '2016-04-15 21:54:19.710468', '', '{"facilityCode":"F10010","programsSupported":[{"code":"malaria","name":"Malaria","active":true,"startDate":1041379200000,"stringStartDate":"01/01/2003"},{"code":"epi","name":"EPI","active":true,"startDate":1041379200000,"stringStartDate":"01/01/2003"},{"code":"fp","name":"Family Planning","active":true,"startDate":1041379200000,"stringStartDate":"01/01/2003"}]}', 'programs-supported');
INSERT INTO event_records (id, uuid, title, "timestamp", uri, object, category) VALUES (52, '4c0129f2-9139-4633-b8d3-b7999adbcc29', 'Programs Supported', '2016-04-15 21:54:19.717919', '', '{"facilityCode":"F10050","programsSupported":[{"code":"em","name":"Essential Medicines","active":true,"startDate":1041379200000,"stringStartDate":"01/01/2003"},{"code":"epi","name":"EPI","active":true,"startDate":1041379200000,"stringStartDate":"01/01/2003"},{"code":"fp","name":"Family Planning","active":true,"startDate":1041379200000,"stringStartDate":"01/01/2003"}]}', 'programs-supported');
INSERT INTO event_records (id, uuid, title, "timestamp", uri, object, category) VALUES (53, '80a86600-2268-4372-8f02-25b4fb72fb93', 'Programs Supported', '2016-04-15 21:54:19.723654', '', '{"facilityCode":"F3020A","programsSupported":[{"code":"art","name":"ART","active":true,"startDate":1041379200000,"stringStartDate":"01/01/2003"},{"code":"em","name":"Essential Medicines","active":true,"startDate":1041379200000,"stringStartDate":"01/01/2003"},{"code":"malaria","name":"Malaria","active":true,"startDate":1041379200000,"stringStartDate":"01/01/2003"},{"code":"epi","name":"EPI","active":true,"startDate":1041379200000,"stringStartDate":"01/01/2003"},{"code":"fp","name":"Family Planning","active":true,"startDate":1041379200000,"stringStartDate":"01/01/2003"}]}', 'programs-supported');
INSERT INTO event_records (id, uuid, title, "timestamp", uri, object, category) VALUES (54, '90cfe2ee-a01f-49f3-9a6f-06cb8d6afa50', 'Programs Supported', '2016-04-15 21:54:19.731839', '', '{"facilityCode":"F30774","programsSupported":[{"code":"art","name":"ART","active":true,"startDate":1041379200000,"stringStartDate":"01/01/2003"},{"code":"epi","name":"EPI","active":true,"startDate":1041379200000,"stringStartDate":"01/01/2003"},{"code":"fp","name":"Family Planning","active":true,"startDate":1041379200000,"stringStartDate":"01/01/2003"}]}', 'programs-supported');
INSERT INTO event_records (id, uuid, title, "timestamp", uri, object, category) VALUES (55, 'e24b5b7b-d03d-4411-8847-4ebbdb90749c', 'Programs Supported', '2016-04-15 21:54:19.73902', '', '{"facilityCode":"F29418","programsSupported":[{"code":"art","name":"ART","active":true,"startDate":1041379200000,"stringStartDate":"01/01/2003"},{"code":"malaria","name":"Malaria","active":true,"startDate":1041379200000,"stringStartDate":"01/01/2003"},{"code":"epi","name":"EPI","active":true,"startDate":1041379200000,"stringStartDate":"01/01/2003"},{"code":"fp","name":"Family Planning","active":true,"startDate":1041379200000,"stringStartDate":"01/01/2003"}]}', 'programs-supported');
INSERT INTO event_records (id, uuid, title, "timestamp", uri, object, category) VALUES (56, 'd6e321e4-407a-4677-a828-460f049b5186', 'Programs Supported', '2016-04-15 21:54:19.744524', '', '{"facilityCode":"F505","programsSupported":[{"code":"em","name":"Essential Medicines","active":true,"startDate":1041379200000,"stringStartDate":"01/01/2003"},{"code":"malaria","name":"Malaria","active":true,"startDate":1041379200000,"stringStartDate":"01/01/2003"},{"code":"epi","name":"EPI","active":true,"startDate":1041379200000,"stringStartDate":"01/01/2003"},{"code":"fp","name":"Family Planning","active":true,"startDate":1041379200000,"stringStartDate":"01/01/2003"}]}', 'programs-supported');
INSERT INTO event_records (id, uuid, title, "timestamp", uri, object, category) VALUES (57, '451982b5-932b-41a8-9039-71d343b5b176', 'Programs Supported', '2016-04-15 21:54:19.749764', '', '{"facilityCode":"F3060B","programsSupported":[{"code":"art","name":"ART","active":true,"startDate":1041379200000,"stringStartDate":"01/01/2003"},{"code":"epi","name":"EPI","active":true,"startDate":1041379200000,"stringStartDate":"01/01/2003"},{"code":"fp","name":"Family Planning","active":true,"startDate":1041379200000,"stringStartDate":"01/01/2003"}]}', 'programs-supported');
INSERT INTO event_records (id, uuid, title, "timestamp", uri, object, category) VALUES (25, 'fc3fc54c-f858-45ae-baa4-5b221e946b87', 'Requisition Status', '2016-04-13 00:35:51.385505', '', '{"requisitionId":13,"requisitionStatus":"APPROVED","emergency":false,"startDate":1438383600000,"endDate":1440975600000,"stringStartDate":"01-08-2015","stringEndDate":"31-08-2015"}', 'requisition-status');
INSERT INTO event_records (id, uuid, title, "timestamp", uri, object, category) VALUES (26, '1c63f2b1-7975-4374-b9c4-d95cd0fbbf96', 'Requisition Status', '2016-04-13 00:36:02.28638', '', '{"requisitionId":13,"requisitionStatus":"RELEASED","emergency":false,"startDate":1438383600000,"endDate":1440975600000,"stringStartDate":"01-08-2015","stringEndDate":"31-08-2015"}', 'requisition-status');
INSERT INTO event_records (id, uuid, title, "timestamp", uri, object, category) VALUES (27, '6e33fa81-98a8-4c3a-9009-84af4c1cfdb5', 'Requisition Status', '2016-04-13 00:36:02.344716', '', '{"requisitionId":13,"requisitionStatus":"RELEASED","emergency":false,"startDate":1438383600000,"endDate":1440975600000,"stringStartDate":"01-08-2015","stringEndDate":"31-08-2015","orderId":"Oart00000013R","orderStatus":"IN_ROUTE"}', 'requisition-status');
INSERT INTO event_records (id, uuid, title, "timestamp", uri, object, category) VALUES (28, '6084aad8-83bd-4f41-8a89-cae29059151c', 'Requisition Status', '2016-04-13 00:36:03.245787', '', '{"requisitionId":13,"requisitionStatus":"RELEASED","emergency":false,"startDate":1438383600000,"endDate":1440975600000,"stringStartDate":"01-08-2015","stringEndDate":"31-08-2015","orderId":"Oart00000013R","orderStatus":"TRANSFER_FAILED"}', 'requisition-status');
INSERT INTO event_records (id, uuid, title, "timestamp", uri, object, category) VALUES (30, '2e351339-b5b1-4f98-bf83-2808900de68b', 'Requisition Status', '2016-04-13 17:55:17.559692', '', '{"requisitionId":19,"requisitionStatus":"INITIATED","emergency":false,"startDate":1441062000000,"endDate":1443567600000,"stringStartDate":"01-09-2015","stringEndDate":"30-09-2015"}', 'requisition-status');
INSERT INTO event_records (id, uuid, title, "timestamp", uri, object, category) VALUES (34, 'd3dd0bea-2635-4e78-b9cc-e687be69d9b3', 'Requisition Status', '2016-04-13 19:33:25.439673', '', '{"requisitionId":23,"requisitionStatus":"INITIATED","emergency":false,"startDate":1441062000000,"endDate":1443567600000,"stringStartDate":"01-09-2015","stringEndDate":"30-09-2015"}', 'requisition-status');
INSERT INTO event_records (id, uuid, title, "timestamp", uri, object, category) VALUES (35, '7a5feec0-323d-47f8-82ab-5aa7afeafb94', 'Requisition Status', '2016-04-13 19:42:39.558635', '', '{"requisitionId":23,"requisitionStatus":"SUBMITTED","emergency":false,"startDate":1441062000000,"endDate":1443567600000,"stringStartDate":"01-09-2015","stringEndDate":"30-09-2015"}', 'requisition-status');
INSERT INTO event_records (id, uuid, title, "timestamp", uri, object, category) VALUES (42, '7719727a-bfbe-4e04-bec0-fe57fc7e64ad', 'Requisition Status', '2016-04-14 18:27:37.15111', '', '{"requisitionId":28,"requisitionStatus":"INITIATED","emergency":false,"startDate":1438383600000,"endDate":1440975600000,"stringStartDate":"01-08-2015","stringEndDate":"31-08-2015"}', 'requisition-status');
INSERT INTO event_records (id, uuid, title, "timestamp", uri, object, category) VALUES (43, '1f0a2a05-cc5e-4e9d-9594-5691a59719cd', 'Requisition Status', '2016-04-14 18:29:15.08182', '', '{"requisitionId":28,"requisitionStatus":"SUBMITTED","emergency":false,"startDate":1438383600000,"endDate":1440975600000,"stringStartDate":"01-08-2015","stringEndDate":"31-08-2015"}', 'requisition-status');
INSERT INTO event_records (id, uuid, title, "timestamp", uri, object, category) VALUES (44, 'bd13fdd8-12a2-4c4e-81cb-ba8010ae33e9', 'Requisition Status', '2016-04-14 18:29:19.219804', '', '{"requisitionId":28,"requisitionStatus":"AUTHORIZED","emergency":false,"startDate":1438383600000,"endDate":1440975600000,"stringStartDate":"01-08-2015","stringEndDate":"31-08-2015"}', 'requisition-status');
INSERT INTO event_records (id, uuid, title, "timestamp", uri, object, category) VALUES (46, 'f483cec5-bef4-400f-99cf-b94aef7e13f9', 'Requisition Status', '2016-04-15 17:54:49.331251', '', '{"requisitionId":27,"requisitionStatus":"SUBMITTED","emergency":false,"startDate":1438383600000,"endDate":1440975600000,"stringStartDate":"01-08-2015","stringEndDate":"31-08-2015"}', 'requisition-status');
INSERT INTO event_records (id, uuid, title, "timestamp", uri, object, category) VALUES (29, '42e27351-4a6a-4335-a2f2-8997545294b5', 'Requisition Status', '2016-04-13 16:55:44.74822', '', '{"requisitionId":18,"requisitionStatus":"INITIATED","emergency":false,"startDate":1438383600000,"endDate":1440975600000,"stringStartDate":"01-08-2015","stringEndDate":"31-08-2015"}', 'requisition-status');
INSERT INTO event_records (id, uuid, title, "timestamp", uri, object, category) VALUES (33, '3a14cccd-ff9e-4e02-a3c1-ce1d82dabb27', 'Requisition Status', '2016-04-13 19:20:44.272818', '', '{"requisitionId":22,"requisitionStatus":"INITIATED","emergency":false,"startDate":1441062000000,"endDate":1443567600000,"stringStartDate":"01-09-2015","stringEndDate":"30-09-2015"}', 'requisition-status');
INSERT INTO event_records (id, uuid, title, "timestamp", uri, object, category) VALUES (38, '0d65c029-bdd5-47ce-92ac-0b2d0252cc2d', 'Requisition Status', '2016-04-13 19:47:29.008147', '', '{"requisitionId":24,"requisitionStatus":"INITIATED","emergency":false,"startDate":1438383600000,"endDate":1440975600000,"stringStartDate":"01-08-2015","stringEndDate":"31-08-2015"}', 'requisition-status');
INSERT INTO event_records (id, uuid, title, "timestamp", uri, object, category) VALUES (39, 'b265c97d-3d88-479f-ba3e-b04082fc9b78', 'Requisition Status', '2016-04-13 19:49:36.425576', '', '{"requisitionId":25,"requisitionStatus":"INITIATED","emergency":false,"startDate":1438383600000,"endDate":1440975600000,"stringStartDate":"01-08-2015","stringEndDate":"31-08-2015"}', 'requisition-status');
INSERT INTO event_records (id, uuid, title, "timestamp", uri, object, category) VALUES (40, '25875a2c-5b49-4b78-ad39-43e63e91c280', 'Requisition Status', '2016-04-13 19:53:27.76772', '', '{"requisitionId":26,"requisitionStatus":"INITIATED","emergency":false,"startDate":1438383600000,"endDate":1440975600000,"stringStartDate":"01-08-2015","stringEndDate":"31-08-2015"}', 'requisition-status');
INSERT INTO event_records (id, uuid, title, "timestamp", uri, object, category) VALUES (41, '538799f0-2d4b-455f-aed5-24e1c34fa3e3', 'Requisition Status', '2016-04-13 19:55:22.04262', '', '{"requisitionId":27,"requisitionStatus":"INITIATED","emergency":false,"startDate":1438383600000,"endDate":1440975600000,"stringStartDate":"01-08-2015","stringEndDate":"31-08-2015"}', 'requisition-status');
INSERT INTO event_records (id, uuid, title, "timestamp", uri, object, category) VALUES (47, 'ad785de3-6baf-4ce2-9e7d-c8d99de64407', 'Program Catalog Changes', '2016-04-15 20:14:36.713288', '', '{"programCode":"art","programName":"ART"}', 'program-catalog-changes');
INSERT INTO event_records (id, uuid, title, "timestamp", uri, object, category) VALUES (48, '3b70008a-5cb7-4ecb-bb71-adab6bf2e2c2', 'Program Catalog Changes', '2016-04-15 20:14:36.724377', '', '{"programCode":"em","programName":"Essential Medicines"}', 'program-catalog-changes');
INSERT INTO event_records (id, uuid, title, "timestamp", uri, object, category) VALUES (49, '2de5004d-8f73-42b9-b59c-2c0a8ce9cfda', 'Program Catalog Changes', '2016-04-15 20:14:36.727648', '', '{"programCode":"malaria","programName":"Malaria"}', 'program-catalog-changes');
INSERT INTO event_records (id, uuid, title, "timestamp", uri, object, category) VALUES (31, 'de8c5e4d-5a42-46de-8a52-1e0aff3024bb', 'Requisition Status', '2016-04-13 19:04:21.425553', '', '{"requisitionId":20,"requisitionStatus":"INITIATED","emergency":false,"startDate":1441062000000,"endDate":1443567600000,"stringStartDate":"01-09-2015","stringEndDate":"30-09-2015"}', 'requisition-status');
INSERT INTO event_records (id, uuid, title, "timestamp", uri, object, category) VALUES (50, '709b1bf3-fa19-43f6-9ef3-b50f1c86bf74', 'Program Catalog Changes', '2016-04-15 21:31:33.458024', '', '{"programCode":"fp","programName":"Family Planning"}', 'program-catalog-changes');
INSERT INTO event_records (id, uuid, title, "timestamp", uri, object, category) VALUES (58, 'f2448316-f6b0-4b8a-8306-857259db922e', 'Requisition Status', '2016-04-16 04:36:48.690438', '', '{"requisitionId":30,"requisitionStatus":"INITIATED","emergency":false,"startDate":1438383600000,"endDate":1440975600000,"stringStartDate":"01-08-2015","stringEndDate":"31-08-2015"}', 'requisition-status');
INSERT INTO event_records (id, uuid, title, "timestamp", uri, object, category) VALUES (59, 'e1acd21b-2131-46c1-bef8-4b4e22fd64c0', 'Requisition Status', '2016-04-16 04:38:18.423604', '', '{"requisitionId":31,"requisitionStatus":"INITIATED","emergency":false,"startDate":1438383600000,"endDate":1440975600000,"stringStartDate":"01-08-2015","stringEndDate":"31-08-2015"}', 'requisition-status');
INSERT INTO event_records (id, uuid, title, "timestamp", uri, object, category) VALUES (60, '3b4fa4e9-c955-4905-b045-4b21445b3c82', 'Requisition Status', '2016-04-16 04:39:36.585848', '', '{"requisitionId":32,"requisitionStatus":"INITIATED","emergency":false,"startDate":1438383600000,"endDate":1440975600000,"stringStartDate":"01-08-2015","stringEndDate":"31-08-2015"}', 'requisition-status');
INSERT INTO event_records (id, uuid, title, "timestamp", uri, object, category) VALUES (61, 'a1a6c6c3-6882-4f6b-9c82-376466b316c0', 'Requisition Status', '2016-04-16 04:44:45.39843', '', '{"requisitionId":33,"requisitionStatus":"INITIATED","emergency":false,"startDate":1438383600000,"endDate":1440975600000,"stringStartDate":"01-08-2015","stringEndDate":"31-08-2015"}', 'requisition-status');
INSERT INTO event_records (id, uuid, title, "timestamp", uri, object, category) VALUES (62, 'b6b3ca5f-7487-4b85-8684-dfcebaf30885', 'Requisition Status', '2016-04-16 04:46:29.58627', '', '{"requisitionId":33,"requisitionStatus":"SUBMITTED","emergency":false,"startDate":1438383600000,"endDate":1440975600000,"stringStartDate":"01-08-2015","stringEndDate":"31-08-2015"}', 'requisition-status');
INSERT INTO event_records (id, uuid, title, "timestamp", uri, object, category) VALUES (63, '7c988a51-c1c5-448d-8a75-99c92b6df15c', 'Requisition Status', '2016-04-16 04:55:26.73711', '', '{"requisitionId":33,"requisitionStatus":"AUTHORIZED","emergency":false,"startDate":1438383600000,"endDate":1440975600000,"stringStartDate":"01-08-2015","stringEndDate":"31-08-2015"}', 'requisition-status');
INSERT INTO event_records (id, uuid, title, "timestamp", uri, object, category) VALUES (64, '2a52ff46-6afe-48aa-9a97-6efe025fc0d6', 'Requisition Status', '2016-04-16 04:55:42.099193', '', '{"requisitionId":33,"requisitionStatus":"APPROVED","emergency":false,"startDate":1438383600000,"endDate":1440975600000,"stringStartDate":"01-08-2015","stringEndDate":"31-08-2015"}', 'requisition-status');
INSERT INTO event_records (id, uuid, title, "timestamp", uri, object, category) VALUES (65, '0414066e-4ff0-4941-9e1e-2fff6c518f7e', 'Requisition Status', '2016-04-16 04:56:49.930974', '', '{"requisitionId":34,"requisitionStatus":"INITIATED","emergency":false,"startDate":1441062000000,"endDate":1443567600000,"stringStartDate":"01-09-2015","stringEndDate":"30-09-2015"}', 'requisition-status');



SELECT pg_catalog.setval('event_records_id_seq', 65, true);


SET search_path = public, pg_catalog;

INSERT INTO delivery_zones (id, code, name, description, createdby, createddate, modifiedby, modifieddate) VALUES (1, 'dz-east', 'East', 'Delivery Zone East for Informed Push', 1, '2016-02-05 11:16:28.508', 1, '2016-02-05 11:16:28.495');
INSERT INTO delivery_zones (id, code, name, description, createdby, createddate, modifiedby, modifieddate) VALUES (2, 'dz-west', 'West', 'Delivery Zone West for Informed Push', 1, '2016-02-05 11:16:28.508', 1, '2016-02-05 11:16:28.495');



INSERT INTO facility_operators (id, code, text, displayorder, createddate, createdby, modifiedby, modifieddate) VALUES (1, 'moh', 'Ministry of Health', 1, '2016-02-05 11:13:36.355', 1, 1, '2016-02-05 03:13:36.355-08');



INSERT INTO facility_types (id, code, name, description, levelid, nominalmaxmonth, nominaleop, displayorder, active, createddate, createdby, modifiedby, modifieddate) VALUES (1, 'health_center', 'Health Centre', NULL, NULL, 3, 1.00, 6, true, '2016-02-05 11:13:30.945', 1, 1, '2016-02-05 03:13:30.945-08');
INSERT INTO facility_types (id, code, name, description, levelid, nominalmaxmonth, nominaleop, displayorder, active, createddate, createdby, modifiedby, modifieddate) VALUES (2, 'dist_hosp', 'District Hospital', NULL, NULL, 3, 1.00, 5, true, '2016-02-05 11:13:30.945', 1, 1, '2016-02-05 03:13:30.945-08');
INSERT INTO facility_types (id, code, name, description, levelid, nominalmaxmonth, nominaleop, displayorder, active, createddate, createdby, modifiedby, modifieddate) VALUES (3, 'disp', 'Dispensary', NULL, NULL, 3, 1.00, 4, true, '2016-02-05 11:13:30.945', 1, 1, '2016-02-05 03:13:30.945-08');
INSERT INTO facility_types (id, code, name, description, levelid, nominalmaxmonth, nominaleop, displayorder, active, createddate, createdby, modifiedby, modifieddate) VALUES (4, 'comm_clinic', 'Community Clinic', NULL, NULL, 3, 1.00, 3, true, '2016-02-05 11:13:30.945', 1, 1, '2016-02-05 03:13:30.945-08');
INSERT INTO facility_types (id, code, name, description, levelid, nominalmaxmonth, nominaleop, displayorder, active, createddate, createdby, modifiedby, modifieddate) VALUES (5, 'reg_hosp', 'Regional Hospital', NULL, NULL, 3, 1.00, 2, true, '2016-02-05 11:13:30.945', 1, 1, '2016-02-05 03:13:30.945-08');
INSERT INTO facility_types (id, code, name, description, levelid, nominalmaxmonth, nominaleop, displayorder, active, createddate, createdby, modifiedby, modifieddate) VALUES (6, 'warehouse', 'Warehouse', NULL, NULL, 3, 1.00, 1, true, '2016-02-05 11:13:30.945', 1, 1, '2016-02-05 03:13:30.945-08');



INSERT INTO geographic_levels (id, code, name, levelnumber, createddate, createdby, modifiedby, modifieddate) VALUES (1, 'country', 'Country', 1, '2016-02-05 11:13:19.835', 1, 1, '2016-02-05 03:13:19.835-08');
INSERT INTO geographic_levels (id, code, name, levelnumber, createddate, createdby, modifiedby, modifieddate) VALUES (2, 'province', 'Province', 2, '2016-02-05 11:13:19.835', 1, 1, '2016-02-05 03:13:19.835-08');
INSERT INTO geographic_levels (id, code, name, levelnumber, createddate, createdby, modifiedby, modifieddate) VALUES (3, 'region', 'Region', 3, '2016-02-05 11:13:19.835', 1, 1, '2016-02-05 03:13:19.835-08');



INSERT INTO geographic_zones (id, code, name, levelid, parentid, catchmentpopulation, latitude, longitude, createdby, createddate, modifiedby, modifieddate) VALUES (1, 'canada', 'Canada', 1, NULL, 34880000, NULL, NULL, 1, '2016-02-05 11:13:25.161', 1, '2016-02-05 11:13:25.146');
INSERT INTO geographic_zones (id, code, name, levelid, parentid, catchmentpopulation, latitude, longitude, createdby, createddate, modifiedby, modifieddate) VALUES (2, 'manitoba', 'Manitoba', 2, 1, 1272000, NULL, NULL, 1, '2016-02-05 11:13:25.161', 1, '2016-02-05 11:13:25.146');
INSERT INTO geographic_zones (id, code, name, levelid, parentid, catchmentpopulation, latitude, longitude, createdby, createddate, modifiedby, modifieddate) VALUES (3, 'centralplains', 'Central Plains', 3, 2, 48289, NULL, NULL, 1, '2016-02-05 11:13:25.161', 1, '2016-02-05 11:13:25.146');
INSERT INTO geographic_zones (id, code, name, levelid, parentid, catchmentpopulation, latitude, longitude, createdby, createddate, modifiedby, modifieddate) VALUES (4, 'eastman', 'Eastman', 3, 2, 104535, NULL, NULL, 1, '2016-02-05 11:13:25.161', 1, '2016-02-05 11:13:25.146');
INSERT INTO geographic_zones (id, code, name, levelid, parentid, catchmentpopulation, latitude, longitude, createdby, createddate, modifiedby, modifieddate) VALUES (5, 'interlake', 'Interlake', 3, 2, 88854, NULL, NULL, 1, '2016-02-05 11:13:25.161', 1, '2016-02-05 11:13:25.146');
INSERT INTO geographic_zones (id, code, name, levelid, parentid, catchmentpopulation, latitude, longitude, createdby, createddate, modifiedby, modifieddate) VALUES (6, 'northern', 'Northern', 3, 2, 88146, NULL, NULL, 1, '2016-02-05 11:13:25.161', 1, '2016-02-05 11:13:25.146');
INSERT INTO geographic_zones (id, code, name, levelid, parentid, catchmentpopulation, latitude, longitude, createdby, createddate, modifiedby, modifieddate) VALUES (7, 'parkland', 'Parkland', 3, 2, 42088, NULL, NULL, 1, '2016-02-05 11:13:25.161', 1, '2016-02-05 11:13:25.146');
INSERT INTO geographic_zones (id, code, name, levelid, parentid, catchmentpopulation, latitude, longitude, createdby, createddate, modifiedby, modifieddate) VALUES (8, 'pembinavalley', 'Pembina Valley', 3, 2, 52126, NULL, NULL, 1, '2016-02-05 11:13:25.161', 1, '2016-02-05 11:13:25.146');
INSERT INTO geographic_zones (id, code, name, levelid, parentid, catchmentpopulation, latitude, longitude, createdby, createddate, modifiedby, modifieddate) VALUES (9, 'westman', 'Westman', 3, 2, 108868, NULL, NULL, 1, '2016-02-05 11:13:25.161', 1, '2016-02-05 11:13:25.146');
INSERT INTO geographic_zones (id, code, name, levelid, parentid, catchmentpopulation, latitude, longitude, createdby, createddate, modifiedby, modifieddate) VALUES (10, 'winnipegcr', 'Winnipeg Capital Region', 3, 2, 767380, NULL, NULL, 1, '2016-02-05 11:13:25.161', 1, '2016-02-05 11:13:25.146');



INSERT INTO facilities (id, code, name, description, gln, mainphone, fax, address1, address2, geographiczoneid, typeid, catchmentpopulation, latitude, longitude, altitude, operatedbyid, coldstoragegrosscapacity, coldstoragenetcapacity, suppliesothers, sdp, online, satellite, parentfacilityid, haselectricity, haselectronicscc, haselectronicdar, active, golivedate, godowndate, comment, enabled, virtualfacility, createdby, createddate, modifiedby, modifieddate, pricescheduleid) VALUES (1, 'F10010', 'Stonewall Health Center', NULL, NULL, NULL, NULL, NULL, NULL, 5, 1, 24000, NULL, NULL, NULL, NULL, NULL, NULL, false, true, NULL, NULL, NULL, NULL, NULL, NULL, true, '2003-01-01', NULL, NULL, true, false, 1, '2016-02-05 11:13:41.555', 4, '2016-04-08 21:43:57.497', NULL);
INSERT INTO facilities (id, code, name, description, gln, mainphone, fax, address1, address2, geographiczoneid, typeid, catchmentpopulation, latitude, longitude, altitude, operatedbyid, coldstoragegrosscapacity, coldstoragenetcapacity, suppliesothers, sdp, online, satellite, parentfacilityid, haselectricity, haselectronicscc, haselectronicdar, active, golivedate, godowndate, comment, enabled, virtualfacility, createdby, createddate, modifiedby, modifieddate, pricescheduleid) VALUES (2, 'F10050', 'Teuton Health Center', NULL, NULL, NULL, NULL, NULL, NULL, 5, 1, 20000, NULL, NULL, NULL, NULL, NULL, NULL, false, true, NULL, NULL, NULL, NULL, NULL, NULL, true, '2003-01-01', NULL, NULL, true, false, 1, '2016-02-05 11:13:41.555', 4, '2016-04-08 21:43:57.497', NULL);
INSERT INTO facilities (id, code, name, description, gln, mainphone, fax, address1, address2, geographiczoneid, typeid, catchmentpopulation, latitude, longitude, altitude, operatedbyid, coldstoragegrosscapacity, coldstoragenetcapacity, suppliesothers, sdp, online, satellite, parentfacilityid, haselectricity, haselectronicscc, haselectronicdar, active, golivedate, godowndate, comment, enabled, virtualfacility, createdby, createddate, modifiedby, modifieddate, pricescheduleid) VALUES (3, 'F3020A', 'Steinbach Hospital', NULL, NULL, NULL, NULL, NULL, NULL, 4, 2, 50000, NULL, NULL, NULL, NULL, NULL, NULL, true, true, NULL, NULL, NULL, NULL, NULL, NULL, true, '2003-01-01', NULL, NULL, true, false, 1, '2016-02-05 11:13:41.555', 4, '2016-04-08 21:43:57.497', NULL);
INSERT INTO facilities (id, code, name, description, gln, mainphone, fax, address1, address2, geographiczoneid, typeid, catchmentpopulation, latitude, longitude, altitude, operatedbyid, coldstoragegrosscapacity, coldstoragenetcapacity, suppliesothers, sdp, online, satellite, parentfacilityid, haselectricity, haselectronicscc, haselectronicdar, active, golivedate, godowndate, comment, enabled, virtualfacility, createdby, createddate, modifiedby, modifieddate, pricescheduleid) VALUES (4, 'F30774', 'Carberry Dispensary', NULL, NULL, NULL, NULL, NULL, NULL, 8, 3, 3000, NULL, NULL, NULL, NULL, NULL, NULL, false, true, NULL, NULL, NULL, NULL, NULL, NULL, true, '2003-01-01', NULL, NULL, true, false, 1, '2016-02-05 11:13:41.555', 4, '2016-04-08 21:43:57.497', NULL);
INSERT INTO facilities (id, code, name, description, gln, mainphone, fax, address1, address2, geographiczoneid, typeid, catchmentpopulation, latitude, longitude, altitude, operatedbyid, coldstoragegrosscapacity, coldstoragenetcapacity, suppliesothers, sdp, online, satellite, parentfacilityid, haselectricity, haselectronicscc, haselectronicdar, active, golivedate, godowndate, comment, enabled, virtualfacility, createdby, createddate, modifiedby, modifieddate, pricescheduleid) VALUES (6, 'F29418', 'Winkler Primary Care Center', NULL, NULL, NULL, NULL, NULL, NULL, 8, 4, 30000, NULL, NULL, NULL, NULL, NULL, NULL, false, true, NULL, NULL, NULL, NULL, NULL, NULL, true, '2003-01-01', NULL, NULL, true, false, 1, '2016-02-05 11:13:41.555', 4, '2016-04-08 21:43:57.497', NULL);
INSERT INTO facilities (id, code, name, description, gln, mainphone, fax, address1, address2, geographiczoneid, typeid, catchmentpopulation, latitude, longitude, altitude, operatedbyid, coldstoragegrosscapacity, coldstoragenetcapacity, suppliesothers, sdp, online, satellite, parentfacilityid, haselectricity, haselectronicscc, haselectronicdar, active, golivedate, godowndate, comment, enabled, virtualfacility, createdby, createddate, modifiedby, modifieddate, pricescheduleid) VALUES (7, 'F505', 'Winnipeg Provincial Hospital', NULL, NULL, NULL, NULL, NULL, NULL, 10, 5, 1000000, NULL, NULL, NULL, NULL, NULL, NULL, false, true, NULL, NULL, NULL, NULL, NULL, NULL, true, '2003-01-01', NULL, NULL, true, false, 1, '2016-02-05 11:13:41.555', 4, '2016-04-08 21:43:57.497', NULL);
INSERT INTO facilities (id, code, name, description, gln, mainphone, fax, address1, address2, geographiczoneid, typeid, catchmentpopulation, latitude, longitude, altitude, operatedbyid, coldstoragegrosscapacity, coldstoragenetcapacity, suppliesothers, sdp, online, satellite, parentfacilityid, haselectricity, haselectronicscc, haselectronicdar, active, golivedate, godowndate, comment, enabled, virtualfacility, createdby, createddate, modifiedby, modifieddate, pricescheduleid) VALUES (8, 'F09', 'Manitoba Warehouse', NULL, NULL, NULL, NULL, NULL, NULL, 10, 6, 1000000, NULL, NULL, NULL, NULL, NULL, NULL, true, false, NULL, NULL, NULL, NULL, NULL, NULL, true, '2003-01-01', NULL, NULL, true, false, 1, '2016-02-05 11:13:41.555', 4, '2016-04-08 21:43:57.497', NULL);
INSERT INTO facilities (id, code, name, description, gln, mainphone, fax, address1, address2, geographiczoneid, typeid, catchmentpopulation, latitude, longitude, altitude, operatedbyid, coldstoragegrosscapacity, coldstoragenetcapacity, suppliesothers, sdp, online, satellite, parentfacilityid, haselectricity, haselectronicscc, haselectronicdar, active, golivedate, godowndate, comment, enabled, virtualfacility, createdby, createddate, modifiedby, modifieddate, pricescheduleid) VALUES (5, 'F3060B', 'Morris Dispensary', NULL, NULL, NULL, NULL, NULL, NULL, 8, 3, 2000, NULL, NULL, NULL, NULL, NULL, NULL, false, true, false, NULL, NULL, false, false, false, true, '2003-01-01', '2018-04-11', NULL, true, false, 1, '2016-02-05 11:13:41.555', 4, '2016-04-12 23:39:16.477224', NULL);



INSERT INTO processing_schedules (id, code, name, description, createdby, createddate, modifiedby, modifieddate) VALUES (1, 'm', 'Monthly', 'Monthly Schedule', NULL, '2016-02-05 11:16:00.123', NULL, '2016-02-05 11:16:00.123');
INSERT INTO processing_schedules (id, code, name, description, createdby, createddate, modifiedby, modifieddate) VALUES (2, 'q', 'Quarterly', 'Quarterly Schedule', NULL, '2016-02-05 11:16:00.123', NULL, '2016-02-05 11:16:00.123');



INSERT INTO processing_periods (id, scheduleid, name, description, startdate, enddate, numberofmonths, createdby, createddate, modifiedby, modifieddate) VALUES (1, 2, 'August2015-October2015', NULL, '2015-08-01 00:00:00', '2015-10-31 00:00:00', 3, NULL, '2016-02-05 11:17:29.908', NULL, '2016-02-05 11:17:29.908');
INSERT INTO processing_periods (id, scheduleid, name, description, startdate, enddate, numberofmonths, createdby, createddate, modifiedby, modifieddate) VALUES (2, 2, 'November2015-January2016', NULL, '2015-11-01 00:00:00', '2016-01-31 00:00:00', 3, NULL, '2016-02-05 11:17:29.908', NULL, '2016-02-05 11:17:29.908');
INSERT INTO processing_periods (id, scheduleid, name, description, startdate, enddate, numberofmonths, createdby, createddate, modifiedby, modifieddate) VALUES (3, 2, 'February2016-April2016', NULL, '2016-02-01 00:00:00', '2016-04-30 00:00:00', 3, NULL, '2016-02-05 11:17:29.908', NULL, '2016-02-05 11:17:29.908');
INSERT INTO processing_periods (id, scheduleid, name, description, startdate, enddate, numberofmonths, createdby, createddate, modifiedby, modifieddate) VALUES (4, 2, 'May2016-July2016', NULL, '2016-05-01 00:00:00', '2016-07-31 00:00:00', 3, NULL, '2016-02-05 11:17:29.908', NULL, '2016-02-05 11:17:29.908');
INSERT INTO processing_periods (id, scheduleid, name, description, startdate, enddate, numberofmonths, createdby, createddate, modifiedby, modifieddate) VALUES (5, 1, 'August2015', NULL, '2015-08-01 00:00:00', '2015-08-31 00:00:00', 1, NULL, '2016-02-05 11:17:29.898', NULL, '2016-02-05 11:17:29.898');
INSERT INTO processing_periods (id, scheduleid, name, description, startdate, enddate, numberofmonths, createdby, createddate, modifiedby, modifieddate) VALUES (6, 1, 'September2015', NULL, '2015-09-01 00:00:00', '2015-09-30 00:00:00', 1, NULL, '2016-02-05 11:17:29.898', NULL, '2016-02-05 11:17:29.898');
INSERT INTO processing_periods (id, scheduleid, name, description, startdate, enddate, numberofmonths, createdby, createddate, modifiedby, modifieddate) VALUES (7, 1, 'October2015', NULL, '2015-10-01 00:00:00', '2015-10-31 00:00:00', 1, NULL, '2016-02-05 11:17:29.898', NULL, '2016-02-05 11:17:29.898');
INSERT INTO processing_periods (id, scheduleid, name, description, startdate, enddate, numberofmonths, createdby, createddate, modifiedby, modifieddate) VALUES (8, 1, 'November2015', NULL, '2015-11-01 00:00:00', '2015-11-30 00:00:00', 1, NULL, '2016-02-05 11:17:29.898', NULL, '2016-02-05 11:17:29.898');
INSERT INTO processing_periods (id, scheduleid, name, description, startdate, enddate, numberofmonths, createdby, createddate, modifiedby, modifieddate) VALUES (9, 1, 'December2015', NULL, '2015-12-01 00:00:00', '2015-12-31 00:00:00', 1, NULL, '2016-02-05 11:17:29.898', NULL, '2016-02-05 11:17:29.898');
INSERT INTO processing_periods (id, scheduleid, name, description, startdate, enddate, numberofmonths, createdby, createddate, modifiedby, modifieddate) VALUES (10, 1, 'January2016', NULL, '2016-01-01 00:00:00', '2016-01-31 00:00:00', 1, NULL, '2016-02-05 11:17:29.898', NULL, '2016-02-05 11:17:29.898');
INSERT INTO processing_periods (id, scheduleid, name, description, startdate, enddate, numberofmonths, createdby, createddate, modifiedby, modifieddate) VALUES (11, 1, 'February2016', NULL, '2016-02-01 00:00:00', '2016-02-29 00:00:00', 1, NULL, '2016-02-05 11:17:29.898', NULL, '2016-02-05 11:17:29.898');
INSERT INTO processing_periods (id, scheduleid, name, description, startdate, enddate, numberofmonths, createdby, createddate, modifiedby, modifieddate) VALUES (12, 1, 'March2016', NULL, '2016-03-01 00:00:00', '2016-03-31 00:00:00', 1, NULL, '2016-02-05 11:17:29.898', NULL, '2016-02-05 11:17:29.898');
INSERT INTO processing_periods (id, scheduleid, name, description, startdate, enddate, numberofmonths, createdby, createddate, modifiedby, modifieddate) VALUES (13, 1, 'April2016', NULL, '2016-04-01 00:00:00', '2016-04-30 00:00:00', 1, NULL, '2016-02-05 11:17:29.898', NULL, '2016-02-05 11:17:29.898');
INSERT INTO processing_periods (id, scheduleid, name, description, startdate, enddate, numberofmonths, createdby, createddate, modifiedby, modifieddate) VALUES (14, 1, 'May2016', NULL, '2016-05-01 00:00:00', '2016-05-31 00:00:00', 1, NULL, '2016-02-05 11:17:29.898', NULL, '2016-02-05 11:17:29.898');
INSERT INTO processing_periods (id, scheduleid, name, description, startdate, enddate, numberofmonths, createdby, createddate, modifiedby, modifieddate) VALUES (15, 1, 'June2016', NULL, '2016-06-01 00:00:00', '2016-06-30 00:00:00', 1, NULL, '2016-02-05 11:17:29.898', NULL, '2016-02-05 11:17:29.898');
INSERT INTO processing_periods (id, scheduleid, name, description, startdate, enddate, numberofmonths, createdby, createddate, modifiedby, modifieddate) VALUES (17, 2, 'exp', NULL, '2016-08-01 00:00:00', '2016-09-14 23:59:59', 2, 4, '2016-04-13 00:11:19.452706', 4, '2016-04-13 00:11:19.452706');
INSERT INTO processing_periods (id, scheduleid, name, description, startdate, enddate, numberofmonths, createdby, createddate, modifiedby, modifieddate) VALUES (18, 2, 'exp2', NULL, '2016-09-15 00:00:00', '2017-11-04 23:59:59', 14, 4, '2016-04-13 00:11:59.181207', 4, '2016-04-13 00:11:59.181207');



INSERT INTO programs (id, code, name, description, active, templateconfigured, regimentemplateconfigured, budgetingapplies, usesdar, push, sendfeed, createdby, createddate, modifiedby, modifieddate, isequipmentconfigured, hideskippedproducts, shownonfullsupplytab, enableskipperiod, enableivdform, usepriceschedule) VALUES (4, 'epi', 'EPI', 'Routine Immunizations', true, NULL, NULL, false, NULL, true, false, NULL, '2016-02-05 11:12:59.118', NULL, '2016-02-05 11:12:59.118', false, false, true, false, false, false);
INSERT INTO programs (id, code, name, description, active, templateconfigured, regimentemplateconfigured, budgetingapplies, usesdar, push, sendfeed, createdby, createddate, modifiedby, modifieddate, isequipmentconfigured, hideskippedproducts, shownonfullsupplytab, enableskipperiod, enableivdform, usepriceschedule) VALUES (1, 'art', 'ART', 'Anti-Retroviral Therapy', true, true, NULL, true, NULL, false, false, NULL, '2016-02-05 11:12:59.118', NULL, '2016-02-05 11:12:59.118', false, false, true, false, false, false);
INSERT INTO programs (id, code, name, description, active, templateconfigured, regimentemplateconfigured, budgetingapplies, usesdar, push, sendfeed, createdby, createddate, modifiedby, modifieddate, isequipmentconfigured, hideskippedproducts, shownonfullsupplytab, enableskipperiod, enableivdform, usepriceschedule) VALUES (2, 'em', 'Essential Medicines', 'Primary Care – Essential Medications', true, true, NULL, false, NULL, false, false, NULL, '2016-02-05 11:12:59.118', NULL, '2016-02-05 11:12:59.118', false, false, true, false, false, false);
INSERT INTO programs (id, code, name, description, active, templateconfigured, regimentemplateconfigured, budgetingapplies, usesdar, push, sendfeed, createdby, createddate, modifiedby, modifieddate, isequipmentconfigured, hideskippedproducts, shownonfullsupplytab, enableskipperiod, enableivdform, usepriceschedule) VALUES (3, 'malaria', 'Malaria', 'Malaria Testing and Treatment', true, true, NULL, false, NULL, false, false, NULL, '2016-02-05 11:12:59.118', NULL, '2016-02-05 11:12:59.118', false, false, true, false, false, false);
INSERT INTO programs (id, code, name, description, active, templateconfigured, regimentemplateconfigured, budgetingapplies, usesdar, push, sendfeed, createdby, createddate, modifiedby, modifieddate, isequipmentconfigured, hideskippedproducts, shownonfullsupplytab, enableskipperiod, enableivdform, usepriceschedule) VALUES (5, 'fp', 'Family Planning', 'Family Planning', true, true, NULL, true, NULL, false, false, NULL, '2016-04-15 20:17:55.572843', NULL, '2016-04-15 20:17:55.572843', false, false, true, false, false, false);



INSERT INTO users (id, username, password, firstname, lastname, employeeid, restrictlogin, jobtitle, primarynotificationmethod, officephone, cellphone, email, supervisorid, facilityid, verified, active, createdby, createddate, modifiedby, modifieddate, ismobileuser) VALUES (2, 'superuser', 'Agismyf1Whs0fxr1FFfK8cs3qisVJ1qMs3yuMLDTeEcZEGzstjiswaaUsQNQTIKk1U5JRzrDbPLCzCO1isvB5YGaEQieie', 'Super', 'User', NULL, false, NULL, NULL, NULL, NULL, 'superuser@openlmis.com', NULL, 3, true, true, NULL, '2016-02-05 11:22:43.246', NULL, '2016-02-05 11:22:43.246', false);
INSERT INTO users (id, username, password, firstname, lastname, employeeid, restrictlogin, jobtitle, primarynotificationmethod, officephone, cellphone, email, supervisorid, facilityid, verified, active, createdby, createddate, modifiedby, modifieddate, ismobileuser) VALUES (3, 'superadmin', 'TQskzK3iiLfbRVHeM1muvBCiiKriibfl6lh8ipo91hb74G3OvsybvkzpPI4S3KIeWTXAiiwlUU0iiSxWii4wSuS8mokSAieie', 'Super', 'Admin', NULL, false, NULL, NULL, NULL, NULL, 'superadmin@openlmis.com', NULL, NULL, true, true, NULL, '2016-02-05 11:22:43.25', NULL, '2016-02-05 11:22:43.25', false);
INSERT INTO users (id, username, password, firstname, lastname, employeeid, restrictlogin, jobtitle, primarynotificationmethod, officephone, cellphone, email, supervisorid, facilityid, verified, active, createdby, createddate, modifiedby, modifieddate, ismobileuser) VALUES (1, 'Admin123', 'TQskzK3iiLfbRVHeM1muvBCiiKriibfl6lh8ipo91hb74G3OvsybvkzpPI4S3KIeWTXAiiwlUU0iiSxWii4wSuS8mokSAieie', 'John', 'Doe', NULL, false, NULL, NULL, NULL, NULL, 'John_Doe@openlmis.com', NULL, NULL, true, true, NULL, '2016-02-03 14:37:33.439729', 4, '2016-04-13 00:25:46.384938', false);
INSERT INTO users (id, username, password, firstname, lastname, employeeid, restrictlogin, jobtitle, primarynotificationmethod, officephone, cellphone, email, supervisorid, facilityid, verified, active, createdby, createddate, modifiedby, modifieddate, ismobileuser) VALUES (4, 'devadmin', 'TQskzK3iiLfbRVHeM1muvBCiiKriibfl6lh8ipo91hb74G3OvsybvkzpPI4S3KIeWTXAiiwlUU0iiSxWii4wSuS8mokSAieie', 'Dev', 'Admin', NULL, false, NULL, NULL, NULL, NULL, 'devadmin@openlmis.com', NULL, 3, true, true, NULL, '2016-02-05 11:22:43.25', 4, '2016-04-16 04:54:14.758418', false);



INSERT INTO distributions (id, deliveryzoneid, programid, periodid, status, createdby, createddate, modifiedby, modifieddate) VALUES (1, 1, 4, 5, 'INITIATED', 4, '2016-04-14 18:32:54.609314', 4, '2016-04-14 18:32:54.609314');



INSERT INTO facility_visits (id, distributionid, facilityid, confirmedbyname, confirmedbytitle, verifiedbyname, verifiedbytitle, observations, createdby, createddate, synced, modifieddate, modifiedby, visited, visitdate, vehicleid, facilitycatchmentpopulation, reasonfornotvisiting, otherreasondescription) VALUES (1, 1, 1, NULL, NULL, NULL, NULL, NULL, 4, '2016-04-14 18:32:54.609314', false, '2016-04-14 18:32:54.609314', 4, NULL, NULL, NULL, 24000, NULL, NULL);
INSERT INTO facility_visits (id, distributionid, facilityid, confirmedbyname, confirmedbytitle, verifiedbyname, verifiedbytitle, observations, createdby, createddate, synced, modifieddate, modifiedby, visited, visitdate, vehicleid, facilitycatchmentpopulation, reasonfornotvisiting, otherreasondescription) VALUES (2, 1, 2, NULL, NULL, NULL, NULL, NULL, 4, '2016-04-14 18:32:54.609314', false, '2016-04-14 18:32:54.609314', 4, NULL, NULL, NULL, 20000, NULL, NULL);
INSERT INTO facility_visits (id, distributionid, facilityid, confirmedbyname, confirmedbytitle, verifiedbyname, verifiedbytitle, observations, createdby, createddate, synced, modifieddate, modifiedby, visited, visitdate, vehicleid, facilitycatchmentpopulation, reasonfornotvisiting, otherreasondescription) VALUES (3, 1, 7, NULL, NULL, NULL, NULL, NULL, 4, '2016-04-14 18:32:54.609314', false, '2016-04-14 18:32:54.609314', 4, NULL, NULL, NULL, 1000000, NULL, NULL);



INSERT INTO adult_coverage_opened_vial_line_items (id, facilityvisitid, productvialname, openedvials, packsize, createdby, createddate, modifiedby, modifieddate) VALUES (1, 1, 'Tetanus', NULL, 10, 4, '2016-04-14 18:32:54.609314', 4, '2016-04-14 18:32:54.609314');
INSERT INTO adult_coverage_opened_vial_line_items (id, facilityvisitid, productvialname, openedvials, packsize, createdby, createddate, modifiedby, modifieddate) VALUES (2, 2, 'Tetanus', NULL, 10, 4, '2016-04-14 18:32:54.609314', 4, '2016-04-14 18:32:54.609314');
INSERT INTO adult_coverage_opened_vial_line_items (id, facilityvisitid, productvialname, openedvials, packsize, createdby, createddate, modifiedby, modifieddate) VALUES (3, 3, 'Tetanus', NULL, 10, 4, '2016-04-14 18:32:54.609314', 4, '2016-04-14 18:32:54.609314');



SELECT pg_catalog.setval('adult_coverage_opened_vial_line_items_id_seq', 3, true);



INSERT INTO child_coverage_opened_vial_line_items (id, facilityvisitid, productvialname, openedvials, packsize, createdby, createddate, modifiedby, modifieddate) VALUES (1, 1, 'BCG', NULL, 20, 4, '2016-04-14 18:32:54.609314', 4, '2016-04-14 18:32:54.609314');
INSERT INTO child_coverage_opened_vial_line_items (id, facilityvisitid, productvialname, openedvials, packsize, createdby, createddate, modifiedby, modifieddate) VALUES (2, 1, 'Polio10', NULL, 10, 4, '2016-04-14 18:32:54.609314', 4, '2016-04-14 18:32:54.609314');
INSERT INTO child_coverage_opened_vial_line_items (id, facilityvisitid, productvialname, openedvials, packsize, createdby, createddate, modifiedby, modifieddate) VALUES (3, 1, 'Polio20', NULL, 20, 4, '2016-04-14 18:32:54.609314', 4, '2016-04-14 18:32:54.609314');
INSERT INTO child_coverage_opened_vial_line_items (id, facilityvisitid, productvialname, openedvials, packsize, createdby, createddate, modifiedby, modifieddate) VALUES (4, 1, 'Penta1', NULL, 1, 4, '2016-04-14 18:32:54.609314', 4, '2016-04-14 18:32:54.609314');
INSERT INTO child_coverage_opened_vial_line_items (id, facilityvisitid, productvialname, openedvials, packsize, createdby, createddate, modifiedby, modifieddate) VALUES (5, 1, 'Penta10', NULL, 10, 4, '2016-04-14 18:32:54.609314', 4, '2016-04-14 18:32:54.609314');
INSERT INTO child_coverage_opened_vial_line_items (id, facilityvisitid, productvialname, openedvials, packsize, createdby, createddate, modifiedby, modifieddate) VALUES (6, 1, 'PCV', NULL, 2, 4, '2016-04-14 18:32:54.609314', 4, '2016-04-14 18:32:54.609314');
INSERT INTO child_coverage_opened_vial_line_items (id, facilityvisitid, productvialname, openedvials, packsize, createdby, createddate, modifiedby, modifieddate) VALUES (7, 1, 'Measles', NULL, 10, 4, '2016-04-14 18:32:54.609314', 4, '2016-04-14 18:32:54.609314');
INSERT INTO child_coverage_opened_vial_line_items (id, facilityvisitid, productvialname, openedvials, packsize, createdby, createddate, modifiedby, modifieddate) VALUES (8, 2, 'BCG', NULL, 20, 4, '2016-04-14 18:32:54.609314', 4, '2016-04-14 18:32:54.609314');
INSERT INTO child_coverage_opened_vial_line_items (id, facilityvisitid, productvialname, openedvials, packsize, createdby, createddate, modifiedby, modifieddate) VALUES (9, 2, 'Polio10', NULL, 10, 4, '2016-04-14 18:32:54.609314', 4, '2016-04-14 18:32:54.609314');
INSERT INTO child_coverage_opened_vial_line_items (id, facilityvisitid, productvialname, openedvials, packsize, createdby, createddate, modifiedby, modifieddate) VALUES (10, 2, 'Polio20', NULL, 20, 4, '2016-04-14 18:32:54.609314', 4, '2016-04-14 18:32:54.609314');
INSERT INTO child_coverage_opened_vial_line_items (id, facilityvisitid, productvialname, openedvials, packsize, createdby, createddate, modifiedby, modifieddate) VALUES (11, 2, 'Penta1', NULL, 1, 4, '2016-04-14 18:32:54.609314', 4, '2016-04-14 18:32:54.609314');
INSERT INTO child_coverage_opened_vial_line_items (id, facilityvisitid, productvialname, openedvials, packsize, createdby, createddate, modifiedby, modifieddate) VALUES (12, 2, 'Penta10', NULL, 10, 4, '2016-04-14 18:32:54.609314', 4, '2016-04-14 18:32:54.609314');
INSERT INTO child_coverage_opened_vial_line_items (id, facilityvisitid, productvialname, openedvials, packsize, createdby, createddate, modifiedby, modifieddate) VALUES (13, 2, 'PCV', NULL, 2, 4, '2016-04-14 18:32:54.609314', 4, '2016-04-14 18:32:54.609314');
INSERT INTO child_coverage_opened_vial_line_items (id, facilityvisitid, productvialname, openedvials, packsize, createdby, createddate, modifiedby, modifieddate) VALUES (14, 2, 'Measles', NULL, 10, 4, '2016-04-14 18:32:54.609314', 4, '2016-04-14 18:32:54.609314');
INSERT INTO child_coverage_opened_vial_line_items (id, facilityvisitid, productvialname, openedvials, packsize, createdby, createddate, modifiedby, modifieddate) VALUES (15, 3, 'BCG', NULL, 20, 4, '2016-04-14 18:32:54.609314', 4, '2016-04-14 18:32:54.609314');
INSERT INTO child_coverage_opened_vial_line_items (id, facilityvisitid, productvialname, openedvials, packsize, createdby, createddate, modifiedby, modifieddate) VALUES (16, 3, 'Polio10', NULL, 10, 4, '2016-04-14 18:32:54.609314', 4, '2016-04-14 18:32:54.609314');
INSERT INTO child_coverage_opened_vial_line_items (id, facilityvisitid, productvialname, openedvials, packsize, createdby, createddate, modifiedby, modifieddate) VALUES (17, 3, 'Polio20', NULL, 20, 4, '2016-04-14 18:32:54.609314', 4, '2016-04-14 18:32:54.609314');
INSERT INTO child_coverage_opened_vial_line_items (id, facilityvisitid, productvialname, openedvials, packsize, createdby, createddate, modifiedby, modifieddate) VALUES (18, 3, 'Penta1', NULL, 1, 4, '2016-04-14 18:32:54.609314', 4, '2016-04-14 18:32:54.609314');
INSERT INTO child_coverage_opened_vial_line_items (id, facilityvisitid, productvialname, openedvials, packsize, createdby, createddate, modifiedby, modifieddate) VALUES (19, 3, 'Penta10', NULL, 10, 4, '2016-04-14 18:32:54.609314', 4, '2016-04-14 18:32:54.609314');
INSERT INTO child_coverage_opened_vial_line_items (id, facilityvisitid, productvialname, openedvials, packsize, createdby, createddate, modifiedby, modifieddate) VALUES (20, 3, 'PCV', NULL, 2, 4, '2016-04-14 18:32:54.609314', 4, '2016-04-14 18:32:54.609314');
INSERT INTO child_coverage_opened_vial_line_items (id, facilityvisitid, productvialname, openedvials, packsize, createdby, createddate, modifiedby, modifieddate) VALUES (21, 3, 'Measles', NULL, 10, 4, '2016-04-14 18:32:54.609314', 4, '2016-04-14 18:32:54.609314');



INSERT INTO supervisory_nodes (id, parentid, facilityid, name, code, description, createdby, createddate, modifiedby, modifieddate) VALUES (1, NULL, 7, 'South Central Medical Services', 'SN80', NULL, 1, '2016-02-05 11:14:09.928', 1, '2016-02-05 11:14:09.914');
INSERT INTO supervisory_nodes (id, parentid, facilityid, name, code, description, createdby, createddate, modifiedby, modifieddate) VALUES (2, 1, 3, 'Winkler District Office', 'SN97', NULL, 1, '2016-02-05 11:14:09.928', 1, '2016-02-05 11:14:09.914');
INSERT INTO supervisory_nodes (id, parentid, facilityid, name, code, description, createdby, createddate, modifiedby, modifieddate) VALUES (3, NULL, 3, 'Malaria program supervision', 'SN65', NULL, 1, '2016-02-05 11:14:09.928', 1, '2016-02-05 11:14:09.914');



INSERT INTO requisitions (id, facilityid, programid, periodid, status, emergency, fullsupplyitemssubmittedcost, nonfullsupplyitemssubmittedcost, supervisorynodeid, createdby, createddate, modifiedby, modifieddate, allocatedbudget, clientsubmittedtime, clientsubmittednotes) VALUES (17, 3, 1, 13, 'INITIATED', true, NULL, NULL, NULL, 4, '2016-04-12 20:04:41.261447', 4, '2016-04-12 20:04:41.261447', NULL, NULL, NULL);
INSERT INTO requisitions (id, facilityid, programid, periodid, status, emergency, fullsupplyitemssubmittedcost, nonfullsupplyitemssubmittedcost, supervisorynodeid, createdby, createddate, modifiedby, modifieddate, allocatedbudget, clientsubmittedtime, clientsubmittednotes) VALUES (13, 3, 1, 5, 'RELEASED', false, 61.30, 0.00, 3, 4, '2016-04-12 18:36:01.691313', 2, '2016-04-13 00:36:02.253804', NULL, NULL, NULL);
INSERT INTO requisitions (id, facilityid, programid, periodid, status, emergency, fullsupplyitemssubmittedcost, nonfullsupplyitemssubmittedcost, supervisorynodeid, createdby, createddate, modifiedby, modifieddate, allocatedbudget, clientsubmittedtime, clientsubmittednotes) VALUES (23, 3, 1, 6, 'APPROVED', false, 1684.90, 0.00, 3, 4, '2016-04-13 19:33:25.394895', 4, '2016-04-13 19:46:55.486299', NULL, NULL, NULL);
INSERT INTO requisitions (id, facilityid, programid, periodid, status, emergency, fullsupplyitemssubmittedcost, nonfullsupplyitemssubmittedcost, supervisorynodeid, createdby, createddate, modifiedby, modifieddate, allocatedbudget, clientsubmittedtime, clientsubmittednotes) VALUES (28, 3, 2, 5, 'AUTHORIZED', false, 1312.00, 0.00, 1, 4, '2016-04-14 18:27:37.095319', 4, '2016-04-14 18:29:19.135643', NULL, NULL, NULL);
INSERT INTO requisitions (id, facilityid, programid, periodid, status, emergency, fullsupplyitemssubmittedcost, nonfullsupplyitemssubmittedcost, supervisorynodeid, createdby, createddate, modifiedby, modifieddate, allocatedbudget, clientsubmittedtime, clientsubmittednotes) VALUES (29, 3, 2, 6, 'INITIATED', false, 0.00, 0.00, NULL, 4, '2016-04-14 18:29:29.726812', 4, '2016-04-14 20:06:01.980503', NULL, NULL, NULL);
INSERT INTO requisitions (id, facilityid, programid, periodid, status, emergency, fullsupplyitemssubmittedcost, nonfullsupplyitemssubmittedcost, supervisorynodeid, createdby, createddate, modifiedby, modifieddate, allocatedbudget, clientsubmittedtime, clientsubmittednotes) VALUES (27, 3, 3, 5, 'SUBMITTED', false, 0.00, 0.00, NULL, 4, '2016-04-13 19:55:21.991611', 4, '2016-04-15 17:54:49.279497', NULL, NULL, NULL);
INSERT INTO requisitions (id, facilityid, programid, periodid, status, emergency, fullsupplyitemssubmittedcost, nonfullsupplyitemssubmittedcost, supervisorynodeid, createdby, createddate, modifiedby, modifieddate, allocatedbudget, clientsubmittedtime, clientsubmittednotes) VALUES (33, 3, 5, 5, 'APPROVED', false, 0.00, 0.00, 1, 4, '2016-04-16 04:44:45.34509', 4, '2016-04-16 04:55:42.072414', NULL, NULL, NULL);



INSERT INTO dosage_units (id, code, displayorder, createddate, createdby, modifiedby, modifieddate) VALUES (1, 'mg', 1, '2016-02-05 11:12:27.314', 1, 1, '2016-02-05 03:12:27.314-08');
INSERT INTO dosage_units (id, code, displayorder, createddate, createdby, modifiedby, modifieddate) VALUES (2, 'mcg', 2, '2016-02-05 11:12:27.314', 1, 1, '2016-02-05 03:12:27.314-08');
INSERT INTO dosage_units (id, code, displayorder, createddate, createdby, modifiedby, modifieddate) VALUES (3, 'ml', 3, '2016-02-05 11:12:27.314', 1, 1, '2016-02-05 03:12:27.314-08');
INSERT INTO dosage_units (id, code, displayorder, createddate, createdby, modifiedby, modifieddate) VALUES (4, 'each', 4, '2016-02-05 11:12:27.314', 1, 1, '2016-02-05 03:12:27.314-08');



INSERT INTO product_forms (id, code, displayorder, createddate, createdby, modifiedby, modifieddate) VALUES (1, 'tablet', 1, '2016-02-05 11:12:34.243', 1, 1, '2016-02-05 03:12:34.243-08');
INSERT INTO product_forms (id, code, displayorder, createddate, createdby, modifiedby, modifieddate) VALUES (2, 'capsule', 2, '2016-02-05 11:12:34.243', 1, 1, '2016-02-05 03:12:34.243-08');
INSERT INTO product_forms (id, code, displayorder, createddate, createdby, modifiedby, modifieddate) VALUES (3, 'powder', 3, '2016-02-05 11:12:34.243', 1, 1, '2016-02-05 03:12:34.243-08');
INSERT INTO product_forms (id, code, displayorder, createddate, createdby, modifiedby, modifieddate) VALUES (4, 'injection', 4, '2016-02-05 11:12:34.243', 1, 1, '2016-02-05 03:12:34.243-08');
INSERT INTO product_forms (id, code, displayorder, createddate, createdby, modifiedby, modifieddate) VALUES (5, 'pair', 5, '2016-02-05 11:12:34.243', 1, 1, '2016-02-05 03:12:34.243-08');
INSERT INTO product_forms (id, code, displayorder, createddate, createdby, modifiedby, modifieddate) VALUES (6, 'syringe', 6, '2016-02-05 11:12:34.243', 1, 1, '2016-02-05 03:12:34.243-08');
INSERT INTO product_forms (id, code, displayorder, createddate, createdby, modifiedby, modifieddate) VALUES (7, 'device', 7, '2016-02-05 11:12:34.243', 1, 1, '2016-02-05 03:12:34.243-08');
INSERT INTO product_forms (id, code, displayorder, createddate, createdby, modifiedby, modifieddate) VALUES (8, 'card', 8, '2016-02-05 11:12:34.243', 1, 1, '2016-02-05 03:12:34.243-08');
INSERT INTO product_forms (id, code, displayorder, createddate, createdby, modifiedby, modifieddate) VALUES (9, 'Latex sheath', 1, '2016-04-15 20:05:41.006614', 4, 4, '2016-04-15 12:05:41.006614-07');
INSERT INTO product_forms (id, code, displayorder, createddate, createdby, modifiedby, modifieddate) VALUES (10, 'Single rod', 2, '2016-04-15 20:05:41.006614', 4, 4, '2016-04-15 12:05:41.006614-07');
INSERT INTO product_forms (id, code, displayorder, createddate, createdby, modifiedby, modifieddate) VALUES (11, 'Two rod', 3, '2016-04-15 20:05:41.006614', 4, 4, '2016-04-15 12:05:41.006614-07');



INSERT INTO product_groups (id, code, name, createdby, createddate, modifiedby, modifieddate) VALUES (1, '1bcg', 'BCG', 1, '2016-02-05 11:12:45.939', 1, '2016-02-05 11:12:45.926');
INSERT INTO product_groups (id, code, name, createdby, createddate, modifiedby, modifieddate) VALUES (2, '2polio', 'Polio', 1, '2016-02-05 11:12:45.939', 1, '2016-02-05 11:12:45.926');
INSERT INTO product_groups (id, code, name, createdby, createddate, modifiedby, modifieddate) VALUES (3, '3penta', 'Pentavalent', 1, '2016-02-05 11:12:45.939', 1, '2016-02-05 11:12:45.926');
INSERT INTO product_groups (id, code, name, createdby, createddate, modifiedby, modifieddate) VALUES (4, '4measles', 'Sarampo', 1, '2016-02-05 11:12:45.939', 1, '2016-02-05 11:12:45.926');
INSERT INTO product_groups (id, code, name, createdby, createddate, modifiedby, modifieddate) VALUES (5, '5pcv10', 'PCV10', 1, '2016-02-05 11:12:45.939', 1, '2016-02-05 11:12:45.926');
INSERT INTO product_groups (id, code, name, createdby, createddate, modifiedby, modifieddate) VALUES (6, '6hpv', 'HPV', 1, '2016-02-05 11:12:45.939', 1, '2016-02-05 11:12:45.926');
INSERT INTO product_groups (id, code, name, createdby, createddate, modifiedby, modifieddate) VALUES (7, '7tetanus', 'VAT', 1, '2016-02-05 11:12:45.939', 1, '2016-02-05 11:12:45.926');



INSERT INTO products (id, code, alternateitemcode, manufacturer, manufacturercode, manufacturerbarcode, mohbarcode, gtin, type, primaryname, fullname, genericname, alternatename, description, strength, formid, dosageunitid, productgroupid, dispensingunit, dosesperdispensingunit, packsize, alternatepacksize, storerefrigerated, storeroomtemperature, hazardous, flammable, controlledsubstance, lightsensitive, approvedbywho, contraceptivecyp, packlength, packwidth, packheight, packweight, packspercarton, cartonlength, cartonwidth, cartonheight, cartonsperpallet, expectedshelflife, specialstorageinstructions, specialtransportinstructions, active, fullsupply, tracer, roundtozero, archived, packroundingthreshold, createdby, createddate, modifiedby, modifieddate) VALUES (35, 'C100', NULL, NULL, NULL, NULL, NULL, NULL, 'Oral Contraceptive', 'Levora', NULL, NULL, NULL, NULL, '30/150', 1, 1, NULL, 'Pack of 84', 84, 84, NULL, NULL, NULL, NULL, NULL, NULL, NULL, NULL, NULL, NULL, NULL, NULL, NULL, NULL, NULL, NULL, NULL, NULL, NULL, NULL, NULL, true, true, false, false, NULL, 1, 4, '2016-04-15 20:14:36.690875', 4, '2016-04-15 20:21:18.478495');
INSERT INTO products (id, code, alternateitemcode, manufacturer, manufacturercode, manufacturerbarcode, mohbarcode, gtin, type, primaryname, fullname, genericname, alternatename, description, strength, formid, dosageunitid, productgroupid, dispensingunit, dosesperdispensingunit, packsize, alternatepacksize, storerefrigerated, storeroomtemperature, hazardous, flammable, controlledsubstance, lightsensitive, approvedbywho, contraceptivecyp, packlength, packwidth, packheight, packweight, packspercarton, cartonlength, cartonwidth, cartonheight, cartonsperpallet, expectedshelflife, specialstorageinstructions, specialtransportinstructions, active, fullsupply, tracer, roundtozero, archived, packroundingthreshold, createdby, createddate, modifiedby, modifieddate) VALUES (36, 'C200', NULL, NULL, NULL, NULL, NULL, NULL, 'Oral Contraceptive', 'Ortho-Novum', NULL, NULL, NULL, NULL, '35/1', 1, 2, NULL, 'Pack of 63', 63, 63, NULL, NULL, NULL, NULL, NULL, NULL, NULL, NULL, NULL, NULL, NULL, NULL, NULL, NULL, NULL, NULL, NULL, NULL, NULL, NULL, NULL, true, true, false, false, NULL, 1, 4, '2016-04-15 20:14:36.690875', 4, '2016-04-15 20:22:21.025829');
INSERT INTO products (id, code, alternateitemcode, manufacturer, manufacturercode, manufacturerbarcode, mohbarcode, gtin, type, primaryname, fullname, genericname, alternatename, description, strength, formid, dosageunitid, productgroupid, dispensingunit, dosesperdispensingunit, packsize, alternatepacksize, storerefrigerated, storeroomtemperature, hazardous, flammable, controlledsubstance, lightsensitive, approvedbywho, contraceptivecyp, packlength, packwidth, packheight, packweight, packspercarton, cartonlength, cartonwidth, cartonheight, cartonsperpallet, expectedshelflife, specialstorageinstructions, specialtransportinstructions, active, fullsupply, tracer, roundtozero, archived, packroundingthreshold, createdby, createddate, modifiedby, modifieddate) VALUES (38, 'C400', NULL, NULL, NULL, NULL, NULL, NULL, 'Barrier Method', 'Male Condom', NULL, NULL, NULL, NULL, NULL, 9, 4, NULL, '1 condom', 1, 1, NULL, NULL, NULL, NULL, NULL, NULL, NULL, NULL, NULL, NULL, NULL, NULL, NULL, NULL, NULL, NULL, NULL, NULL, NULL, NULL, NULL, true, true, false, false, NULL, 1, 4, '2016-04-15 20:14:36.690875', 4, '2016-04-15 20:24:34.099744');
INSERT INTO products (id, code, alternateitemcode, manufacturer, manufacturercode, manufacturerbarcode, mohbarcode, gtin, type, primaryname, fullname, genericname, alternatename, description, strength, formid, dosageunitid, productgroupid, dispensingunit, dosesperdispensingunit, packsize, alternatepacksize, storerefrigerated, storeroomtemperature, hazardous, flammable, controlledsubstance, lightsensitive, approvedbywho, contraceptivecyp, packlength, packwidth, packheight, packweight, packspercarton, cartonlength, cartonwidth, cartonheight, cartonsperpallet, expectedshelflife, specialstorageinstructions, specialtransportinstructions, active, fullsupply, tracer, roundtozero, archived, packroundingthreshold, createdby, createddate, modifiedby, modifieddate) VALUES (13, 'bcg20', NULL, NULL, NULL, NULL, NULL, NULL, NULL, 'BCG', NULL, NULL, NULL, NULL, NULL, 4, 4, 1, 'each', 1, 20, NULL, NULL, NULL, NULL, NULL, NULL, NULL, NULL, NULL, NULL, NULL, NULL, NULL, NULL, NULL, NULL, NULL, NULL, NULL, NULL, NULL, true, true, false, true, NULL, 1, 1, '2016-02-05 11:12:52.997', 4, '2016-04-08 21:44:14.452');
INSERT INTO products (id, code, alternateitemcode, manufacturer, manufacturercode, manufacturerbarcode, mohbarcode, gtin, type, primaryname, fullname, genericname, alternatename, description, strength, formid, dosageunitid, productgroupid, dispensingunit, dosesperdispensingunit, packsize, alternatepacksize, storerefrigerated, storeroomtemperature, hazardous, flammable, controlledsubstance, lightsensitive, approvedbywho, contraceptivecyp, packlength, packwidth, packheight, packweight, packspercarton, cartonlength, cartonwidth, cartonheight, cartonsperpallet, expectedshelflife, specialstorageinstructions, specialtransportinstructions, active, fullsupply, tracer, roundtozero, archived, packroundingthreshold, createdby, createddate, modifiedby, modifieddate) VALUES (14, 'polio10', NULL, NULL, NULL, NULL, NULL, NULL, NULL, 'Polio (10 dose)', NULL, NULL, NULL, NULL, NULL, 4, 4, 2, 'each', 1, 10, NULL, NULL, NULL, NULL, NULL, NULL, NULL, NULL, NULL, NULL, NULL, NULL, NULL, NULL, NULL, NULL, NULL, NULL, NULL, NULL, NULL, true, true, false, true, NULL, 1, 1, '2016-02-05 11:12:52.997', 4, '2016-04-08 21:44:14.452');
INSERT INTO products (id, code, alternateitemcode, manufacturer, manufacturercode, manufacturerbarcode, mohbarcode, gtin, type, primaryname, fullname, genericname, alternatename, description, strength, formid, dosageunitid, productgroupid, dispensingunit, dosesperdispensingunit, packsize, alternatepacksize, storerefrigerated, storeroomtemperature, hazardous, flammable, controlledsubstance, lightsensitive, approvedbywho, contraceptivecyp, packlength, packwidth, packheight, packweight, packspercarton, cartonlength, cartonwidth, cartonheight, cartonsperpallet, expectedshelflife, specialstorageinstructions, specialtransportinstructions, active, fullsupply, tracer, roundtozero, archived, packroundingthreshold, createdby, createddate, modifiedby, modifieddate) VALUES (15, 'polio20', NULL, NULL, NULL, NULL, NULL, NULL, NULL, 'Polio (20 dose)', NULL, NULL, NULL, NULL, NULL, 4, 4, 2, 'each', 1, 20, NULL, NULL, NULL, NULL, NULL, NULL, NULL, NULL, NULL, NULL, NULL, NULL, NULL, NULL, NULL, NULL, NULL, NULL, NULL, NULL, NULL, true, true, false, true, NULL, 1, 1, '2016-02-05 11:12:52.997', 4, '2016-04-08 21:44:14.452');
INSERT INTO products (id, code, alternateitemcode, manufacturer, manufacturercode, manufacturerbarcode, mohbarcode, gtin, type, primaryname, fullname, genericname, alternatename, description, strength, formid, dosageunitid, productgroupid, dispensingunit, dosesperdispensingunit, packsize, alternatepacksize, storerefrigerated, storeroomtemperature, hazardous, flammable, controlledsubstance, lightsensitive, approvedbywho, contraceptivecyp, packlength, packwidth, packheight, packweight, packspercarton, cartonlength, cartonwidth, cartonheight, cartonsperpallet, expectedshelflife, specialstorageinstructions, specialtransportinstructions, active, fullsupply, tracer, roundtozero, archived, packroundingthreshold, createdby, createddate, modifiedby, modifieddate) VALUES (16, 'penta1', NULL, NULL, NULL, NULL, NULL, NULL, NULL, 'Pentavalent (1 dose)', NULL, NULL, NULL, NULL, NULL, 4, 4, 3, 'each', 1, 1, NULL, NULL, NULL, NULL, NULL, NULL, NULL, NULL, NULL, NULL, NULL, NULL, NULL, NULL, NULL, NULL, NULL, NULL, NULL, NULL, NULL, true, true, false, true, NULL, 1, 1, '2016-02-05 11:12:52.997', 4, '2016-04-08 21:44:14.452');
INSERT INTO products (id, code, alternateitemcode, manufacturer, manufacturercode, manufacturerbarcode, mohbarcode, gtin, type, primaryname, fullname, genericname, alternatename, description, strength, formid, dosageunitid, productgroupid, dispensingunit, dosesperdispensingunit, packsize, alternatepacksize, storerefrigerated, storeroomtemperature, hazardous, flammable, controlledsubstance, lightsensitive, approvedbywho, contraceptivecyp, packlength, packwidth, packheight, packweight, packspercarton, cartonlength, cartonwidth, cartonheight, cartonsperpallet, expectedshelflife, specialstorageinstructions, specialtransportinstructions, active, fullsupply, tracer, roundtozero, archived, packroundingthreshold, createdby, createddate, modifiedby, modifieddate) VALUES (17, 'penta10', NULL, NULL, NULL, NULL, NULL, NULL, NULL, 'Pentavalent (10 dose)', NULL, NULL, NULL, NULL, NULL, 4, 4, 3, 'each', 1, 10, NULL, NULL, NULL, NULL, NULL, NULL, NULL, NULL, NULL, NULL, NULL, NULL, NULL, NULL, NULL, NULL, NULL, NULL, NULL, NULL, NULL, true, true, false, true, NULL, 1, 1, '2016-02-05 11:12:52.997', 4, '2016-04-08 21:44:14.452');
INSERT INTO products (id, code, alternateitemcode, manufacturer, manufacturercode, manufacturerbarcode, mohbarcode, gtin, type, primaryname, fullname, genericname, alternatename, description, strength, formid, dosageunitid, productgroupid, dispensingunit, dosesperdispensingunit, packsize, alternatepacksize, storerefrigerated, storeroomtemperature, hazardous, flammable, controlledsubstance, lightsensitive, approvedbywho, contraceptivecyp, packlength, packwidth, packheight, packweight, packspercarton, cartonlength, cartonwidth, cartonheight, cartonsperpallet, expectedshelflife, specialstorageinstructions, specialtransportinstructions, active, fullsupply, tracer, roundtozero, archived, packroundingthreshold, createdby, createddate, modifiedby, modifieddate) VALUES (18, 'pcv10', NULL, NULL, NULL, NULL, NULL, NULL, NULL, 'PCV10', NULL, NULL, NULL, NULL, NULL, 4, 4, 5, 'each', 1, 2, NULL, NULL, NULL, NULL, NULL, NULL, NULL, NULL, NULL, NULL, NULL, NULL, NULL, NULL, NULL, NULL, NULL, NULL, NULL, NULL, NULL, true, true, false, true, NULL, 1, 1, '2016-02-05 11:12:52.997', 4, '2016-04-08 21:44:14.452');
INSERT INTO products (id, code, alternateitemcode, manufacturer, manufacturercode, manufacturerbarcode, mohbarcode, gtin, type, primaryname, fullname, genericname, alternatename, description, strength, formid, dosageunitid, productgroupid, dispensingunit, dosesperdispensingunit, packsize, alternatepacksize, storerefrigerated, storeroomtemperature, hazardous, flammable, controlledsubstance, lightsensitive, approvedbywho, contraceptivecyp, packlength, packwidth, packheight, packweight, packspercarton, cartonlength, cartonwidth, cartonheight, cartonsperpallet, expectedshelflife, specialstorageinstructions, specialtransportinstructions, active, fullsupply, tracer, roundtozero, archived, packroundingthreshold, createdby, createddate, modifiedby, modifieddate) VALUES (19, 'hpv2', NULL, NULL, NULL, NULL, NULL, NULL, NULL, 'HPV', NULL, NULL, NULL, NULL, NULL, 4, 4, 6, 'each', 1, 2, NULL, NULL, NULL, NULL, NULL, NULL, NULL, NULL, NULL, NULL, NULL, NULL, NULL, NULL, NULL, NULL, NULL, NULL, NULL, NULL, NULL, true, true, false, true, NULL, 1, 1, '2016-02-05 11:12:52.997', 4, '2016-04-08 21:44:14.452');
INSERT INTO products (id, code, alternateitemcode, manufacturer, manufacturercode, manufacturerbarcode, mohbarcode, gtin, type, primaryname, fullname, genericname, alternatename, description, strength, formid, dosageunitid, productgroupid, dispensingunit, dosesperdispensingunit, packsize, alternatepacksize, storerefrigerated, storeroomtemperature, hazardous, flammable, controlledsubstance, lightsensitive, approvedbywho, contraceptivecyp, packlength, packwidth, packheight, packweight, packspercarton, cartonlength, cartonwidth, cartonheight, cartonsperpallet, expectedshelflife, specialstorageinstructions, specialtransportinstructions, active, fullsupply, tracer, roundtozero, archived, packroundingthreshold, createdby, createddate, modifiedby, modifieddate) VALUES (20, 'measles10', NULL, NULL, NULL, NULL, NULL, NULL, NULL, 'Sarampo', NULL, NULL, NULL, NULL, NULL, 4, 4, 4, 'each', 1, 10, NULL, NULL, NULL, NULL, NULL, NULL, NULL, NULL, NULL, NULL, NULL, NULL, NULL, NULL, NULL, NULL, NULL, NULL, NULL, NULL, NULL, true, true, false, true, NULL, 1, 1, '2016-02-05 11:12:52.997', 4, '2016-04-08 21:44:14.452');
INSERT INTO products (id, code, alternateitemcode, manufacturer, manufacturercode, manufacturerbarcode, mohbarcode, gtin, type, primaryname, fullname, genericname, alternatename, description, strength, formid, dosageunitid, productgroupid, dispensingunit, dosesperdispensingunit, packsize, alternatepacksize, storerefrigerated, storeroomtemperature, hazardous, flammable, controlledsubstance, lightsensitive, approvedbywho, contraceptivecyp, packlength, packwidth, packheight, packweight, packspercarton, cartonlength, cartonwidth, cartonheight, cartonsperpallet, expectedshelflife, specialstorageinstructions, specialtransportinstructions, active, fullsupply, tracer, roundtozero, archived, packroundingthreshold, createdby, createddate, modifiedby, modifieddate) VALUES (21, 'tetanus10', NULL, NULL, NULL, NULL, NULL, NULL, NULL, 'VAT', NULL, NULL, NULL, NULL, NULL, 4, 4, 7, 'each', 1, 10, NULL, NULL, NULL, NULL, NULL, NULL, NULL, NULL, NULL, NULL, NULL, NULL, NULL, NULL, NULL, NULL, NULL, NULL, NULL, NULL, NULL, true, true, false, true, NULL, 1, 1, '2016-02-05 11:12:52.997', 4, '2016-04-08 21:44:14.452');
INSERT INTO products (id, code, alternateitemcode, manufacturer, manufacturercode, manufacturerbarcode, mohbarcode, gtin, type, primaryname, fullname, genericname, alternatename, description, strength, formid, dosageunitid, productgroupid, dispensingunit, dosesperdispensingunit, packsize, alternatepacksize, storerefrigerated, storeroomtemperature, hazardous, flammable, controlledsubstance, lightsensitive, approvedbywho, contraceptivecyp, packlength, packwidth, packheight, packweight, packspercarton, cartonlength, cartonwidth, cartonheight, cartonsperpallet, expectedshelflife, specialstorageinstructions, specialtransportinstructions, active, fullsupply, tracer, roundtozero, archived, packroundingthreshold, createdby, createddate, modifiedby, modifieddate) VALUES (22, 'syringe5ml', NULL, NULL, NULL, NULL, NULL, NULL, NULL, 'Seringa 5ml', NULL, NULL, NULL, NULL, NULL, 6, 4, NULL, 'each', 1, 1, NULL, NULL, NULL, NULL, NULL, NULL, NULL, NULL, NULL, NULL, NULL, NULL, NULL, NULL, NULL, NULL, NULL, NULL, NULL, NULL, NULL, true, true, false, true, NULL, 1, 1, '2016-02-05 11:12:52.997', 4, '2016-04-08 21:44:14.452');
INSERT INTO products (id, code, alternateitemcode, manufacturer, manufacturercode, manufacturerbarcode, mohbarcode, gtin, type, primaryname, fullname, genericname, alternatename, description, strength, formid, dosageunitid, productgroupid, dispensingunit, dosesperdispensingunit, packsize, alternatepacksize, storerefrigerated, storeroomtemperature, hazardous, flammable, controlledsubstance, lightsensitive, approvedbywho, contraceptivecyp, packlength, packwidth, packheight, packweight, packspercarton, cartonlength, cartonwidth, cartonheight, cartonsperpallet, expectedshelflife, specialstorageinstructions, specialtransportinstructions, active, fullsupply, tracer, roundtozero, archived, packroundingthreshold, createdby, createddate, modifiedby, modifieddate) VALUES (23, 'syringe05ml', NULL, NULL, NULL, NULL, NULL, NULL, NULL, 'Seringa 0,5ml', NULL, NULL, NULL, NULL, NULL, 6, 4, NULL, 'each', 1, 1, NULL, NULL, NULL, NULL, NULL, NULL, NULL, NULL, NULL, NULL, NULL, NULL, NULL, NULL, NULL, NULL, NULL, NULL, NULL, NULL, NULL, true, true, false, true, NULL, 1, 1, '2016-02-05 11:12:52.997', 4, '2016-04-08 21:44:14.452');
INSERT INTO products (id, code, alternateitemcode, manufacturer, manufacturercode, manufacturerbarcode, mohbarcode, gtin, type, primaryname, fullname, genericname, alternatename, description, strength, formid, dosageunitid, productgroupid, dispensingunit, dosesperdispensingunit, packsize, alternatepacksize, storerefrigerated, storeroomtemperature, hazardous, flammable, controlledsubstance, lightsensitive, approvedbywho, contraceptivecyp, packlength, packwidth, packheight, packweight, packspercarton, cartonlength, cartonwidth, cartonheight, cartonsperpallet, expectedshelflife, specialstorageinstructions, specialtransportinstructions, active, fullsupply, tracer, roundtozero, archived, packroundingthreshold, createdby, createddate, modifiedby, modifieddate) VALUES (24, 'syringe005ml', NULL, NULL, NULL, NULL, NULL, NULL, NULL, 'Seringa 0,05ml', NULL, NULL, NULL, NULL, NULL, 6, 4, NULL, 'each', 1, 1, NULL, NULL, NULL, NULL, NULL, NULL, NULL, NULL, NULL, NULL, NULL, NULL, NULL, NULL, NULL, NULL, NULL, NULL, NULL, NULL, NULL, true, true, false, true, NULL, 1, 1, '2016-02-05 11:12:52.997', 4, '2016-04-08 21:44:14.452');
INSERT INTO products (id, code, alternateitemcode, manufacturer, manufacturercode, manufacturerbarcode, mohbarcode, gtin, type, primaryname, fullname, genericname, alternatename, description, strength, formid, dosageunitid, productgroupid, dispensingunit, dosesperdispensingunit, packsize, alternatepacksize, storerefrigerated, storeroomtemperature, hazardous, flammable, controlledsubstance, lightsensitive, approvedbywho, contraceptivecyp, packlength, packwidth, packheight, packweight, packspercarton, cartonlength, cartonwidth, cartonheight, cartonsperpallet, expectedshelflife, specialstorageinstructions, specialtransportinstructions, active, fullsupply, tracer, roundtozero, archived, packroundingthreshold, createdby, createddate, modifiedby, modifieddate) VALUES (25, 'safetybox', NULL, NULL, NULL, NULL, NULL, NULL, NULL, 'Caixas Inciner.', NULL, NULL, NULL, NULL, NULL, 7, 4, NULL, 'each', 1, 1, NULL, NULL, NULL, NULL, NULL, NULL, NULL, NULL, NULL, NULL, NULL, NULL, NULL, NULL, NULL, NULL, NULL, NULL, NULL, NULL, NULL, true, true, false, true, NULL, 1, 1, '2016-02-05 11:12:52.997', 4, '2016-04-08 21:44:14.452');
INSERT INTO products (id, code, alternateitemcode, manufacturer, manufacturercode, manufacturerbarcode, mohbarcode, gtin, type, primaryname, fullname, genericname, alternatename, description, strength, formid, dosageunitid, productgroupid, dispensingunit, dosesperdispensingunit, packsize, alternatepacksize, storerefrigerated, storeroomtemperature, hazardous, flammable, controlledsubstance, lightsensitive, approvedbywho, contraceptivecyp, packlength, packwidth, packheight, packweight, packspercarton, cartonlength, cartonwidth, cartonheight, cartonsperpallet, expectedshelflife, specialstorageinstructions, specialtransportinstructions, active, fullsupply, tracer, roundtozero, archived, packroundingthreshold, createdby, createddate, modifiedby, modifieddate) VALUES (26, 'gas', NULL, NULL, NULL, NULL, NULL, NULL, NULL, 'Gás (Cilindro)', NULL, NULL, NULL, NULL, NULL, 7, 4, NULL, 'each', 1, 1, NULL, NULL, NULL, NULL, NULL, NULL, NULL, NULL, NULL, NULL, NULL, NULL, NULL, NULL, NULL, NULL, NULL, NULL, NULL, NULL, NULL, true, true, false, true, NULL, 1, 1, '2016-02-05 11:12:52.997', 4, '2016-04-08 21:44:14.452');
INSERT INTO products (id, code, alternateitemcode, manufacturer, manufacturercode, manufacturerbarcode, mohbarcode, gtin, type, primaryname, fullname, genericname, alternatename, description, strength, formid, dosageunitid, productgroupid, dispensingunit, dosesperdispensingunit, packsize, alternatepacksize, storerefrigerated, storeroomtemperature, hazardous, flammable, controlledsubstance, lightsensitive, approvedbywho, contraceptivecyp, packlength, packwidth, packheight, packweight, packspercarton, cartonlength, cartonwidth, cartonheight, cartonsperpallet, expectedshelflife, specialstorageinstructions, specialtransportinstructions, active, fullsupply, tracer, roundtozero, archived, packroundingthreshold, createdby, createddate, modifiedby, modifieddate) VALUES (28, 'P12572', NULL, NULL, NULL, NULL, NULL, NULL, NULL, 'TDF/FTC/EFV', NULL, NULL, NULL, NULL, '300/200/600', 1, 1, NULL, '30 tab bottle', 3, 20, NULL, NULL, NULL, NULL, NULL, NULL, NULL, NULL, NULL, NULL, NULL, NULL, NULL, NULL, NULL, NULL, NULL, NULL, NULL, NULL, NULL, true, true, false, false, NULL, 10, 4, '2016-04-09 00:19:27.230095', 4, '2016-04-09 00:19:27.230095');
INSERT INTO products (id, code, alternateitemcode, manufacturer, manufacturercode, manufacturerbarcode, mohbarcode, gtin, type, primaryname, fullname, genericname, alternatename, description, strength, formid, dosageunitid, productgroupid, dispensingunit, dosesperdispensingunit, packsize, alternatepacksize, storerefrigerated, storeroomtemperature, hazardous, flammable, controlledsubstance, lightsensitive, approvedbywho, contraceptivecyp, packlength, packwidth, packheight, packweight, packspercarton, cartonlength, cartonwidth, cartonheight, cartonsperpallet, expectedshelflife, specialstorageinstructions, specialtransportinstructions, active, fullsupply, tracer, roundtozero, archived, packroundingthreshold, createdby, createddate, modifiedby, modifieddate) VALUES (37, 'C300', NULL, NULL, NULL, NULL, NULL, NULL, 'Injectable Hormonal Contraceptive', 'Depo-Estradiol', NULL, NULL, NULL, NULL, '5/25', 4, 1, NULL, '1 injection', 1, 1, NULL, NULL, NULL, NULL, NULL, NULL, NULL, NULL, NULL, NULL, NULL, NULL, NULL, NULL, NULL, NULL, NULL, NULL, NULL, NULL, NULL, true, true, false, false, NULL, 1, 4, '2016-04-15 20:14:36.690875', 4, '2016-04-16 04:43:04.583367');
INSERT INTO products (id, code, alternateitemcode, manufacturer, manufacturercode, manufacturerbarcode, mohbarcode, gtin, type, primaryname, fullname, genericname, alternatename, description, strength, formid, dosageunitid, productgroupid, dispensingunit, dosesperdispensingunit, packsize, alternatepacksize, storerefrigerated, storeroomtemperature, hazardous, flammable, controlledsubstance, lightsensitive, approvedbywho, contraceptivecyp, packlength, packwidth, packheight, packweight, packspercarton, cartonlength, cartonwidth, cartonheight, cartonsperpallet, expectedshelflife, specialstorageinstructions, specialtransportinstructions, active, fullsupply, tracer, roundtozero, archived, packroundingthreshold, createdby, createddate, modifiedby, modifieddate) VALUES (39, 'C500', NULL, NULL, NULL, NULL, NULL, NULL, 'Implantable Contraceptive', 'Implanon', NULL, NULL, NULL, NULL, '68', 10, 1, NULL, '1 rod', 1, 1, NULL, NULL, NULL, NULL, NULL, NULL, NULL, NULL, NULL, NULL, NULL, NULL, NULL, NULL, NULL, NULL, NULL, NULL, NULL, NULL, NULL, true, true, false, false, NULL, 1, 4, '2016-04-15 20:14:36.690875', 4, '2016-04-16 04:43:54.925564');
INSERT INTO products (id, code, alternateitemcode, manufacturer, manufacturercode, manufacturerbarcode, mohbarcode, gtin, type, primaryname, fullname, genericname, alternatename, description, strength, formid, dosageunitid, productgroupid, dispensingunit, dosesperdispensingunit, packsize, alternatepacksize, storerefrigerated, storeroomtemperature, hazardous, flammable, controlledsubstance, lightsensitive, approvedbywho, contraceptivecyp, packlength, packwidth, packheight, packweight, packspercarton, cartonlength, cartonwidth, cartonheight, cartonsperpallet, expectedshelflife, specialstorageinstructions, specialtransportinstructions, active, fullsupply, tracer, roundtozero, archived, packroundingthreshold, createdby, createddate, modifiedby, modifieddate) VALUES (40, 'C600', NULL, NULL, NULL, NULL, NULL, NULL, 'Implantable Contraceptive', 'Levonorgestrel', NULL, NULL, NULL, NULL, '150', 11, 1, NULL, '2 rods', 1, 1, NULL, NULL, NULL, NULL, NULL, NULL, NULL, NULL, NULL, NULL, NULL, NULL, NULL, NULL, NULL, NULL, NULL, NULL, NULL, NULL, NULL, true, true, false, false, NULL, 1, 4, '2016-04-15 20:14:36.690875', 4, '2016-04-16 04:44:18.743449');
INSERT INTO products (id, code, alternateitemcode, manufacturer, manufacturercode, manufacturerbarcode, mohbarcode, gtin, type, primaryname, fullname, genericname, alternatename, description, strength, formid, dosageunitid, productgroupid, dispensingunit, dosesperdispensingunit, packsize, alternatepacksize, storerefrigerated, storeroomtemperature, hazardous, flammable, controlledsubstance, lightsensitive, approvedbywho, contraceptivecyp, packlength, packwidth, packheight, packweight, packspercarton, cartonlength, cartonwidth, cartonheight, cartonsperpallet, expectedshelflife, specialstorageinstructions, specialtransportinstructions, active, fullsupply, tracer, roundtozero, archived, packroundingthreshold, createdby, createddate, modifiedby, modifieddate) VALUES (27, 'P10042', NULL, NULL, NULL, NULL, NULL, NULL, 'ARV', '3TC/AZT + NVP', NULL, NULL, NULL, NULL, '300/300/600', 1, 1, NULL, '60 tab bottle', 20, 50, NULL, NULL, NULL, NULL, NULL, NULL, NULL, NULL, NULL, NULL, NULL, NULL, NULL, NULL, NULL, NULL, NULL, NULL, NULL, NULL, NULL, false, true, false, false, false, 25, 4, '2016-04-08 22:00:17.543458', 4, '2016-04-12 18:22:59.827872');
INSERT INTO products (id, code, alternateitemcode, manufacturer, manufacturercode, manufacturerbarcode, mohbarcode, gtin, type, primaryname, fullname, genericname, alternatename, description, strength, formid, dosageunitid, productgroupid, dispensingunit, dosesperdispensingunit, packsize, alternatepacksize, storerefrigerated, storeroomtemperature, hazardous, flammable, controlledsubstance, lightsensitive, approvedbywho, contraceptivecyp, packlength, packwidth, packheight, packweight, packspercarton, cartonlength, cartonwidth, cartonheight, cartonsperpallet, expectedshelflife, specialstorageinstructions, specialtransportinstructions, active, fullsupply, tracer, roundtozero, archived, packroundingthreshold, createdby, createddate, modifiedby, modifieddate) VALUES (1, 'P10048', NULL, NULL, NULL, NULL, NULL, NULL, NULL, '3TC/AZT + NVP', NULL, NULL, NULL, NULL, '300/300/600', 1, 1, NULL, '60 tab bottle', 20, 50, NULL, NULL, NULL, NULL, NULL, NULL, NULL, NULL, NULL, NULL, NULL, NULL, NULL, NULL, NULL, NULL, NULL, NULL, NULL, NULL, NULL, true, true, false, false, NULL, 25, 1, '2016-02-05 11:12:52.997', 4, '2016-04-12 18:33:05.342679');
INSERT INTO products (id, code, alternateitemcode, manufacturer, manufacturercode, manufacturerbarcode, mohbarcode, gtin, type, primaryname, fullname, genericname, alternatename, description, strength, formid, dosageunitid, productgroupid, dispensingunit, dosesperdispensingunit, packsize, alternatepacksize, storerefrigerated, storeroomtemperature, hazardous, flammable, controlledsubstance, lightsensitive, approvedbywho, contraceptivecyp, packlength, packwidth, packheight, packweight, packspercarton, cartonlength, cartonwidth, cartonheight, cartonsperpallet, expectedshelflife, specialstorageinstructions, specialtransportinstructions, active, fullsupply, tracer, roundtozero, archived, packroundingthreshold, createdby, createddate, modifiedby, modifieddate) VALUES (2, 'P12573', NULL, NULL, NULL, NULL, NULL, NULL, NULL, 'TDF/FTC/EFV', NULL, NULL, NULL, NULL, '300/200/600', 1, 1, NULL, '30 tab bottle', 3, 20, NULL, NULL, NULL, NULL, NULL, NULL, NULL, NULL, NULL, NULL, NULL, NULL, NULL, NULL, NULL, NULL, NULL, NULL, NULL, NULL, NULL, true, true, false, false, NULL, 10, 1, '2016-02-05 11:12:52.997', 4, '2016-04-13 16:29:53.674303');
INSERT INTO products (id, code, alternateitemcode, manufacturer, manufacturercode, manufacturerbarcode, mohbarcode, gtin, type, primaryname, fullname, genericname, alternatename, description, strength, formid, dosageunitid, productgroupid, dispensingunit, dosesperdispensingunit, packsize, alternatepacksize, storerefrigerated, storeroomtemperature, hazardous, flammable, controlledsubstance, lightsensitive, approvedbywho, contraceptivecyp, packlength, packwidth, packheight, packweight, packspercarton, cartonlength, cartonwidth, cartonheight, cartonsperpallet, expectedshelflife, specialstorageinstructions, specialtransportinstructions, active, fullsupply, tracer, roundtozero, archived, packroundingthreshold, createdby, createddate, modifiedby, modifieddate) VALUES (7, 'KM3375-2', NULL, NULL, NULL, NULL, NULL, NULL, NULL, 'Malaria Rapid Diagnostic Test', NULL, NULL, NULL, NULL, '1', 8, 4, NULL, 'each', 1, 50, NULL, NULL, NULL, NULL, NULL, NULL, NULL, NULL, NULL, NULL, NULL, NULL, NULL, NULL, NULL, NULL, NULL, NULL, NULL, NULL, NULL, true, true, false, false, NULL, 20, 1, '2016-02-05 11:12:52.997', 4, '2016-04-13 16:33:43.400581');
INSERT INTO products (id, code, alternateitemcode, manufacturer, manufacturercode, manufacturerbarcode, mohbarcode, gtin, type, primaryname, fullname, genericname, alternatename, description, strength, formid, dosageunitid, productgroupid, dispensingunit, dosesperdispensingunit, packsize, alternatepacksize, storerefrigerated, storeroomtemperature, hazardous, flammable, controlledsubstance, lightsensitive, approvedbywho, contraceptivecyp, packlength, packwidth, packheight, packweight, packspercarton, cartonlength, cartonwidth, cartonheight, cartonsperpallet, expectedshelflife, specialstorageinstructions, specialtransportinstructions, active, fullsupply, tracer, roundtozero, archived, packroundingthreshold, createdby, createddate, modifiedby, modifieddate) VALUES (8, 'P000833', NULL, NULL, NULL, NULL, NULL, NULL, NULL, 'Quinine Sulphate', NULL, NULL, NULL, NULL, '300', 2, 1, NULL, 'each', 1, 500, NULL, NULL, NULL, NULL, NULL, NULL, NULL, NULL, NULL, NULL, NULL, NULL, NULL, NULL, NULL, NULL, NULL, NULL, NULL, NULL, NULL, true, true, false, false, NULL, 200, 1, '2016-02-05 11:12:52.997', 4, '2016-04-13 16:36:11.876045');
INSERT INTO products (id, code, alternateitemcode, manufacturer, manufacturercode, manufacturerbarcode, mohbarcode, gtin, type, primaryname, fullname, genericname, alternatename, description, strength, formid, dosageunitid, productgroupid, dispensingunit, dosesperdispensingunit, packsize, alternatepacksize, storerefrigerated, storeroomtemperature, hazardous, flammable, controlledsubstance, lightsensitive, approvedbywho, contraceptivecyp, packlength, packwidth, packheight, packweight, packspercarton, cartonlength, cartonwidth, cartonheight, cartonsperpallet, expectedshelflife, specialstorageinstructions, specialtransportinstructions, active, fullsupply, tracer, roundtozero, archived, packroundingthreshold, createdby, createddate, modifiedby, modifieddate) VALUES (11, 'N-378013', NULL, NULL, NULL, NULL, NULL, NULL, NULL, 'Tramedol', NULL, NULL, NULL, NULL, '50mg/ml', 4, 1, NULL, 'each', 2, 10, NULL, NULL, NULL, NULL, NULL, NULL, NULL, NULL, NULL, NULL, NULL, NULL, NULL, NULL, NULL, NULL, NULL, NULL, NULL, NULL, NULL, true, false, false, false, NULL, 25, 1, '2016-02-05 11:12:52.997', 4, '2016-04-13 16:38:56.667951');
INSERT INTO products (id, code, alternateitemcode, manufacturer, manufacturercode, manufacturerbarcode, mohbarcode, gtin, type, primaryname, fullname, genericname, alternatename, description, strength, formid, dosageunitid, productgroupid, dispensingunit, dosesperdispensingunit, packsize, alternatepacksize, storerefrigerated, storeroomtemperature, hazardous, flammable, controlledsubstance, lightsensitive, approvedbywho, contraceptivecyp, packlength, packwidth, packheight, packweight, packspercarton, cartonlength, cartonwidth, cartonheight, cartonsperpallet, expectedshelflife, specialstorageinstructions, specialtransportinstructions, active, fullsupply, tracer, roundtozero, archived, packroundingthreshold, createdby, createddate, modifiedby, modifieddate) VALUES (12, 'P-228438', NULL, NULL, NULL, NULL, NULL, NULL, NULL, 'Diclofenac', NULL, NULL, NULL, NULL, '50', 1, 1, NULL, 'each', 1, 100, NULL, NULL, NULL, NULL, NULL, NULL, NULL, NULL, NULL, NULL, NULL, NULL, NULL, NULL, NULL, NULL, NULL, NULL, NULL, NULL, NULL, true, false, false, false, NULL, 50, 1, '2016-02-05 11:12:52.997', 4, '2016-04-13 16:43:10.328774');
INSERT INTO products (id, code, alternateitemcode, manufacturer, manufacturercode, manufacturerbarcode, mohbarcode, gtin, type, primaryname, fullname, genericname, alternatename, description, strength, formid, dosageunitid, productgroupid, dispensingunit, dosesperdispensingunit, packsize, alternatepacksize, storerefrigerated, storeroomtemperature, hazardous, flammable, controlledsubstance, lightsensitive, approvedbywho, contraceptivecyp, packlength, packwidth, packheight, packweight, packspercarton, cartonlength, cartonwidth, cartonheight, cartonsperpallet, expectedshelflife, specialstorageinstructions, specialtransportinstructions, active, fullsupply, tracer, roundtozero, archived, packroundingthreshold, createdby, createddate, modifiedby, modifieddate) VALUES (10, 'A581453', NULL, NULL, NULL, NULL, NULL, NULL, NULL, 'Ampicillin PDR', NULL, NULL, NULL, NULL, '500mg', 4, 1, NULL, 'each', 10, 50, NULL, NULL, NULL, NULL, NULL, NULL, NULL, NULL, NULL, NULL, NULL, NULL, NULL, NULL, NULL, NULL, NULL, NULL, NULL, NULL, NULL, true, true, false, false, NULL, 20, 1, '2016-02-05 11:12:52.997', 4, '2016-04-13 16:45:26.237709');
INSERT INTO products (id, code, alternateitemcode, manufacturer, manufacturercode, manufacturerbarcode, mohbarcode, gtin, type, primaryname, fullname, genericname, alternatename, description, strength, formid, dosageunitid, productgroupid, dispensingunit, dosesperdispensingunit, packsize, alternatepacksize, storerefrigerated, storeroomtemperature, hazardous, flammable, controlledsubstance, lightsensitive, approvedbywho, contraceptivecyp, packlength, packwidth, packheight, packweight, packspercarton, cartonlength, cartonwidth, cartonheight, cartonsperpallet, expectedshelflife, specialstorageinstructions, specialtransportinstructions, active, fullsupply, tracer, roundtozero, archived, packroundingthreshold, createdby, createddate, modifiedby, modifieddate) VALUES (9, 'A427826', NULL, NULL, NULL, NULL, NULL, NULL, NULL, 'Ciproflaxin', NULL, NULL, NULL, NULL, '500', 2, 1, NULL, '10 tab strip', 10, 10, NULL, NULL, NULL, NULL, NULL, NULL, NULL, NULL, NULL, NULL, NULL, NULL, NULL, NULL, NULL, NULL, NULL, NULL, NULL, NULL, NULL, true, true, false, false, NULL, 5, 1, '2016-02-05 11:12:52.997', 4, '2016-04-13 16:47:13.726387');
INSERT INTO products (id, code, alternateitemcode, manufacturer, manufacturercode, manufacturerbarcode, mohbarcode, gtin, type, primaryname, fullname, genericname, alternatename, description, strength, formid, dosageunitid, productgroupid, dispensingunit, dosesperdispensingunit, packsize, alternatepacksize, storerefrigerated, storeroomtemperature, hazardous, flammable, controlledsubstance, lightsensitive, approvedbywho, contraceptivecyp, packlength, packwidth, packheight, packweight, packspercarton, cartonlength, cartonwidth, cartonheight, cartonsperpallet, expectedshelflife, specialstorageinstructions, specialtransportinstructions, active, fullsupply, tracer, roundtozero, archived, packroundingthreshold, createdby, createddate, modifiedby, modifieddate) VALUES (4, 'A41099', NULL, NULL, NULL, NULL, NULL, NULL, NULL, 'Doxycycline', NULL, NULL, NULL, NULL, '100', 1, 1, NULL, '12 tab strip', 10, 12, NULL, NULL, NULL, NULL, NULL, NULL, NULL, NULL, NULL, NULL, NULL, NULL, NULL, NULL, NULL, NULL, NULL, NULL, NULL, NULL, NULL, true, true, false, false, NULL, 3, 1, '2016-02-05 11:12:52.997', 4, '2016-04-13 16:49:17.051269');
INSERT INTO products (id, code, alternateitemcode, manufacturer, manufacturercode, manufacturerbarcode, mohbarcode, gtin, type, primaryname, fullname, genericname, alternatename, description, strength, formid, dosageunitid, productgroupid, dispensingunit, dosesperdispensingunit, packsize, alternatepacksize, storerefrigerated, storeroomtemperature, hazardous, flammable, controlledsubstance, lightsensitive, approvedbywho, contraceptivecyp, packlength, packwidth, packheight, packweight, packspercarton, cartonlength, cartonwidth, cartonheight, cartonsperpallet, expectedshelflife, specialstorageinstructions, specialtransportinstructions, active, fullsupply, tracer, roundtozero, archived, packroundingthreshold, createdby, createddate, modifiedby, modifieddate) VALUES (6, 'A53007D', NULL, NULL, NULL, NULL, NULL, NULL, NULL, 'Co-Trimoxazole DS', NULL, NULL, NULL, NULL, '800/160', 2, 1, NULL, '10 tab strip', 10, 20, NULL, NULL, NULL, NULL, NULL, NULL, NULL, NULL, NULL, NULL, NULL, NULL, NULL, NULL, NULL, NULL, NULL, NULL, NULL, NULL, NULL, true, false, false, false, NULL, 5, 1, '2016-02-05 11:12:52.997', 4, '2016-04-13 16:50:53.048046');
INSERT INTO products (id, code, alternateitemcode, manufacturer, manufacturercode, manufacturerbarcode, mohbarcode, gtin, type, primaryname, fullname, genericname, alternatename, description, strength, formid, dosageunitid, productgroupid, dispensingunit, dosesperdispensingunit, packsize, alternatepacksize, storerefrigerated, storeroomtemperature, hazardous, flammable, controlledsubstance, lightsensitive, approvedbywho, contraceptivecyp, packlength, packwidth, packheight, packweight, packspercarton, cartonlength, cartonwidth, cartonheight, cartonsperpallet, expectedshelflife, specialstorageinstructions, specialtransportinstructions, active, fullsupply, tracer, roundtozero, archived, packroundingthreshold, createdby, createddate, modifiedby, modifieddate) VALUES (3, 'P200563', NULL, NULL, NULL, NULL, NULL, NULL, NULL, 'Omeprazole', NULL, NULL, NULL, NULL, '20', 1, 1, NULL, 'each', 15, 5, NULL, NULL, NULL, NULL, NULL, NULL, NULL, NULL, NULL, NULL, NULL, NULL, NULL, NULL, NULL, NULL, NULL, NULL, NULL, NULL, NULL, true, false, false, false, NULL, 4, 1, '2016-02-05 11:12:52.997', 4, '2016-04-13 16:53:25.804627');
INSERT INTO products (id, code, alternateitemcode, manufacturer, manufacturercode, manufacturerbarcode, mohbarcode, gtin, type, primaryname, fullname, genericname, alternatename, description, strength, formid, dosageunitid, productgroupid, dispensingunit, dosesperdispensingunit, packsize, alternatepacksize, storerefrigerated, storeroomtemperature, hazardous, flammable, controlledsubstance, lightsensitive, approvedbywho, contraceptivecyp, packlength, packwidth, packheight, packweight, packspercarton, cartonlength, cartonwidth, cartonheight, cartonsperpallet, expectedshelflife, specialstorageinstructions, specialtransportinstructions, active, fullsupply, tracer, roundtozero, archived, packroundingthreshold, createdby, createddate, modifiedby, modifieddate) VALUES (5, 'S00056L', NULL, NULL, NULL, NULL, NULL, NULL, NULL, 'Gloves, surgical latex, powdered', NULL, NULL, NULL, NULL, 'size 7', 5, 4, NULL, 'each', 1, 100, NULL, NULL, NULL, NULL, NULL, NULL, NULL, NULL, NULL, NULL, NULL, NULL, NULL, NULL, NULL, NULL, NULL, NULL, NULL, NULL, NULL, true, false, false, false, NULL, 25, 1, '2016-02-05 11:12:52.997', 4, '2016-04-13 17:53:30.305758');



INSERT INTO coverage_product_vials (id, vial, productcode, childcoverage) VALUES (1, 'BCG', 'bcg20', true);
INSERT INTO coverage_product_vials (id, vial, productcode, childcoverage) VALUES (2, 'Polio10', 'polio10', true);
INSERT INTO coverage_product_vials (id, vial, productcode, childcoverage) VALUES (3, 'Polio20', 'polio20', true);
INSERT INTO coverage_product_vials (id, vial, productcode, childcoverage) VALUES (4, 'Penta1', 'penta1', true);
INSERT INTO coverage_product_vials (id, vial, productcode, childcoverage) VALUES (5, 'Penta10', 'penta10', true);
INSERT INTO coverage_product_vials (id, vial, productcode, childcoverage) VALUES (6, 'PCV', 'pcv10', true);
INSERT INTO coverage_product_vials (id, vial, productcode, childcoverage) VALUES (7, 'Measles', 'measles10', true);
INSERT INTO coverage_product_vials (id, vial, productcode, childcoverage) VALUES (8, 'Tetanus', 'tetanus10', false);



SELECT pg_catalog.setval('coverage_product_vials_id_seq', 8, true);



INSERT INTO coverage_target_group_products (id, targetgroupentity, productcode, childcoverage) VALUES (1, 'BCG', 'bcg20', true);
INSERT INTO coverage_target_group_products (id, targetgroupentity, productcode, childcoverage) VALUES (2, 'Polio (Newborn)', 'polio10', true);
INSERT INTO coverage_target_group_products (id, targetgroupentity, productcode, childcoverage) VALUES (3, 'Polio 1st dose', 'polio10', true);
INSERT INTO coverage_target_group_products (id, targetgroupentity, productcode, childcoverage) VALUES (4, 'Polio 2nd dose', 'polio10', true);
INSERT INTO coverage_target_group_products (id, targetgroupentity, productcode, childcoverage) VALUES (5, 'Polio 3rd dose', 'polio10', true);
INSERT INTO coverage_target_group_products (id, targetgroupentity, productcode, childcoverage) VALUES (6, 'Penta 1st dose', 'penta1', true);
INSERT INTO coverage_target_group_products (id, targetgroupentity, productcode, childcoverage) VALUES (7, 'Penta 2nd dose', 'penta1', true);
INSERT INTO coverage_target_group_products (id, targetgroupentity, productcode, childcoverage) VALUES (8, 'Penta 3rd dose', 'penta1', true);
INSERT INTO coverage_target_group_products (id, targetgroupentity, productcode, childcoverage) VALUES (9, 'PCV10 1st dose', 'pcv10', true);
INSERT INTO coverage_target_group_products (id, targetgroupentity, productcode, childcoverage) VALUES (10, 'PCV10 2nd dose', 'pcv10', true);
INSERT INTO coverage_target_group_products (id, targetgroupentity, productcode, childcoverage) VALUES (11, 'PCV10 3rd dose', 'pcv10', true);
INSERT INTO coverage_target_group_products (id, targetgroupentity, productcode, childcoverage) VALUES (12, 'Measles', 'measles10', true);
INSERT INTO coverage_target_group_products (id, targetgroupentity, productcode, childcoverage) VALUES (13, 'Pregnant Women', 'tetanus10', false);



SELECT pg_catalog.setval('coverage_vaccination_products_id_seq', 13, true);



INSERT INTO delivery_zone_members (id, deliveryzoneid, facilityid, createdby, createddate, modifiedby, modifieddate) VALUES (1, 2, 4, 1, '2016-02-05 11:16:44.246', 1, '2016-02-05 11:16:44.236');
INSERT INTO delivery_zone_members (id, deliveryzoneid, facilityid, createdby, createddate, modifiedby, modifieddate) VALUES (2, 2, 5, 1, '2016-02-05 11:16:44.246', 1, '2016-02-05 11:16:44.236');
INSERT INTO delivery_zone_members (id, deliveryzoneid, facilityid, createdby, createddate, modifiedby, modifieddate) VALUES (3, 2, 6, 1, '2016-02-05 11:16:44.246', 1, '2016-02-05 11:16:44.236');
INSERT INTO delivery_zone_members (id, deliveryzoneid, facilityid, createdby, createddate, modifiedby, modifieddate) VALUES (4, 2, 3, 1, '2016-02-05 11:16:44.246', 1, '2016-02-05 11:16:44.236');
INSERT INTO delivery_zone_members (id, deliveryzoneid, facilityid, createdby, createddate, modifiedby, modifieddate) VALUES (5, 1, 1, 1, '2016-02-05 11:16:44.246', 1, '2016-02-05 11:16:44.236');
INSERT INTO delivery_zone_members (id, deliveryzoneid, facilityid, createdby, createddate, modifiedby, modifieddate) VALUES (6, 1, 2, 1, '2016-02-05 11:16:44.246', 1, '2016-02-05 11:16:44.236');
INSERT INTO delivery_zone_members (id, deliveryzoneid, facilityid, createdby, createddate, modifiedby, modifieddate) VALUES (7, 1, 7, 1, '2016-02-05 11:16:44.246', 1, '2016-02-05 11:16:44.236');



SELECT pg_catalog.setval('delivery_zone_members_id_seq', 7, true);



INSERT INTO delivery_zone_program_schedules (id, deliveryzoneid, programid, scheduleid, createdby, createddate, modifiedby, modifieddate) VALUES (1, 1, 4, 1, 1, '2016-02-05 11:16:35.247', 1, '2016-02-05 11:16:35.236');
INSERT INTO delivery_zone_program_schedules (id, deliveryzoneid, programid, scheduleid, createdby, createddate, modifiedby, modifieddate) VALUES (2, 2, 4, 1, 1, '2016-02-05 11:16:35.247', 1, '2016-02-05 11:16:35.236');



SELECT pg_catalog.setval('delivery_zone_program_schedules_id_seq', 2, true);



SELECT pg_catalog.setval('delivery_zones_id_seq', 2, true);



SELECT pg_catalog.setval('distributions_id_seq', 1, true);



SELECT pg_catalog.setval('dosage_units_id_seq', 4, true);



INSERT INTO roles (id, name, description, createdby, createddate, modifiedby, modifieddate) VALUES (2, 'All Reports', NULL, NULL, '2016-02-05 11:22:43.139', NULL, '2016-02-05 11:22:43.139');
INSERT INTO roles (id, name, description, createdby, createddate, modifiedby, modifieddate) VALUES (3, 'All Admin Reports', NULL, NULL, '2016-02-05 11:22:43.139', NULL, '2016-02-05 11:22:43.139');
INSERT INTO roles (id, name, description, createdby, createddate, modifiedby, modifieddate) VALUES (4, 'Field Coordinator', NULL, NULL, '2016-02-05 11:22:43.139', NULL, '2016-02-05 11:22:43.139');
INSERT INTO roles (id, name, description, createdby, createddate, modifiedby, modifieddate) VALUES (5, 'All Requisition', NULL, NULL, '2016-02-05 11:22:43.139', NULL, '2016-02-05 11:22:43.139');
INSERT INTO roles (id, name, description, createdby, createddate, modifiedby, modifieddate) VALUES (6, 'All Fulfillment', NULL, NULL, '2016-02-05 11:22:43.139', NULL, '2016-02-05 11:22:43.139');



INSERT INTO email_notifications (id, receiver, subject, content, sent, createddate, ishtml) VALUES (5, 'superuser@openlmis.com', 'Your Action is Required', 'Dear Super User This is to inform you that Steinbach Hospital has completed its Report and Requisition for the Period September2015 and requires your approval. Please login to approve / reject it. Thank you.', true, '2016-04-13 19:42:39.502122', false);
INSERT INTO email_notifications (id, receiver, subject, content, sent, createddate, ishtml) VALUES (6, 'devadmin@openlmis.com', 'Your Action is Required', 'Dear Dev Admin This is to inform you that Steinbach Hospital has completed its Report and Requisition for the Period September2015 and requires your approval. Please login to approve / reject it. Thank you.', true, '2016-04-13 19:42:39.502122', false);
INSERT INTO email_notifications (id, receiver, subject, content, sent, createddate, ishtml) VALUES (1, 'superuser@openlmis.com', 'Your Action is Required', 'Dear Super User This is to inform you that Steinbach Hospital has completed its Report and Requisition for the Period August2015 and requires your approval. Please login to approve / reject it. Thank you.', true, '2016-04-13 00:35:34.877147', false);
INSERT INTO email_notifications (id, receiver, subject, content, sent, createddate, ishtml) VALUES (2, 'devadmin@openlmis.com', 'Your Action is Required', 'Dear Dev Admin This is to inform you that Steinbach Hospital has completed its Report and Requisition for the Period August2015 and requires your approval. Please login to approve / reject it. Thank you.', true, '2016-04-13 00:35:34.877147', false);
INSERT INTO email_notifications (id, receiver, subject, content, sent, createddate, ishtml) VALUES (7, 'superuser@openlmis.com', 'Your Action is Required', 'Dear Super User This is to inform you that Steinbach Hospital has completed its Report and Requisition for the Period September2015 and requires your approval. Please login to approve / reject it. Thank you.', true, '2016-04-13 19:43:14.258372', false);
INSERT INTO email_notifications (id, receiver, subject, content, sent, createddate, ishtml) VALUES (3, 'superuser@openlmis.com', 'Your Action is Required', 'Dear Super User This is to inform you that Steinbach Hospital has completed its Report and Requisition for the Period August2015 and requires your approval. Please login to approve / reject it. Thank you.', true, '2016-04-13 00:35:40.165951', false);
INSERT INTO email_notifications (id, receiver, subject, content, sent, createddate, ishtml) VALUES (9, 'superuser@openlmis.com', 'Your Action is Required', 'Dear Super User This is to inform you that Steinbach Hospital has completed its Report and Requisition for the Period August2015 and requires your approval. Please login to approve / reject it. Thank you.', true, '2016-04-14 18:29:15.025418', false);
INSERT INTO email_notifications (id, receiver, subject, content, sent, createddate, ishtml) VALUES (4, 'devadmin@openlmis.com', 'Your Action is Required', 'Dear Dev Admin This is to inform you that Steinbach Hospital has completed its Report and Requisition for the Period August2015 and requires your approval. Please login to approve / reject it. Thank you.', true, '2016-04-13 00:35:40.165951', false);
INSERT INTO email_notifications (id, receiver, subject, content, sent, createddate, ishtml) VALUES (10, 'devadmin@openlmis.com', 'Your Action is Required', 'Dear Dev Admin This is to inform you that Steinbach Hospital has completed its Report and Requisition for the Period August2015 and requires your approval. Please login to approve / reject it. Thank you.', true, '2016-04-14 18:29:15.025418', false);
INSERT INTO email_notifications (id, receiver, subject, content, sent, createddate, ishtml) VALUES (8, 'devadmin@openlmis.com', 'Your Action is Required', 'Dear Dev Admin This is to inform you that Steinbach Hospital has completed its Report and Requisition for the Period September2015 and requires your approval. Please login to approve / reject it. Thank you.', true, '2016-04-13 19:43:14.258372', false);
INSERT INTO email_notifications (id, receiver, subject, content, sent, createddate, ishtml) VALUES (12, 'devadmin@openlmis.com', 'Your Action is Required', 'Dear Dev Admin This is to inform you that Steinbach Hospital has completed its Report and Requisition for the Period August2015 and requires your approval. Please login to approve / reject it. Thank you.', true, '2016-04-14 18:29:19.135643', false);
INSERT INTO email_notifications (id, receiver, subject, content, sent, createddate, ishtml) VALUES (11, 'superuser@openlmis.com', 'Your Action is Required', 'Dear Super User This is to inform you that Steinbach Hospital has completed its Report and Requisition for the Period August2015 and requires your approval. Please login to approve / reject it. Thank you.', true, '2016-04-14 18:29:19.135643', false);
INSERT INTO email_notifications (id, receiver, subject, content, sent, createddate, ishtml) VALUES (13, 'superuser@openlmis.com', 'Your Action is Required', 'Dear Super User This is to inform you that Steinbach Hospital has completed its Report and Requisition for the Period August2015 and requires your approval. Please login to approve / reject it. Thank you.', true, '2016-04-15 17:54:49.279497', false);
INSERT INTO email_notifications (id, receiver, subject, content, sent, createddate, ishtml) VALUES (14, 'devadmin@openlmis.com', 'Your Action is Required', 'Dear Dev Admin This is to inform you that Steinbach Hospital has completed its Report and Requisition for the Period August2015 and requires your approval. Please login to approve / reject it. Thank you.', true, '2016-04-15 17:54:49.279497', false);
INSERT INTO email_notifications (id, receiver, subject, content, sent, createddate, ishtml) VALUES (15, 'devadmin@openlmis.com', 'Your Action is Required', 'Dear Dev Admin This is to inform you that Steinbach Hospital has completed its Report and Requisition for the Period August2015 and requires your approval. Please login to approve / reject it. Thank you.', true, '2016-04-16 04:46:29.535161', false);
INSERT INTO email_notifications (id, receiver, subject, content, sent, createddate, ishtml) VALUES (16, 'devadmin@openlmis.com', 'Your Action is Required', 'Dear Dev Admin This is to inform you that Steinbach Hospital has completed its Report and Requisition for the Period August2015 and requires your approval. Please login to approve / reject it. Thank you.', true, '2016-04-16 04:55:26.686267', false);



SELECT pg_catalog.setval('email_notifications_id_seq', 16, true);



INSERT INTO product_categories (id, code, name, displayorder, createdby, createddate, modifiedby, modifieddate) VALUES (1, 'antibiotics', 'Antibiotics', 1, 1, '2016-02-05 11:12:40.286', 1, '2016-02-05 11:12:40.275');
INSERT INTO product_categories (id, code, name, displayorder, createdby, createddate, modifiedby, modifieddate) VALUES (2, 'antiretrovials', 'Anti-retrovirals', 2, 1, '2016-02-05 11:12:40.286', 1, '2016-02-05 11:12:40.275');
INSERT INTO product_categories (id, code, name, displayorder, createdby, createddate, modifiedby, modifieddate) VALUES (3, 'malariaprophylaxis', 'Malaria Prophylaxis', 3, 1, '2016-02-05 11:12:40.286', 1, '2016-02-05 11:12:40.275');
INSERT INTO product_categories (id, code, name, displayorder, createdby, createddate, modifiedby, modifieddate) VALUES (4, 'protective', 'Gloves and Protective Gear', 4, 1, '2016-02-05 11:12:40.286', 1, '2016-02-05 11:12:40.275');
INSERT INTO product_categories (id, code, name, displayorder, createdby, createddate, modifiedby, modifieddate) VALUES (5, 'antacids', 'Antacids', 5, 1, '2016-02-05 11:12:40.286', 1, '2016-02-05 11:12:40.275');
INSERT INTO product_categories (id, code, name, displayorder, createdby, createddate, modifiedby, modifieddate) VALUES (6, 'testkits', 'Test Kits', 6, 1, '2016-02-05 11:12:40.286', 1, '2016-02-05 11:12:40.275');
INSERT INTO product_categories (id, code, name, displayorder, createdby, createddate, modifiedby, modifieddate) VALUES (7, 'antipyretics', 'Anti-pyretics', 7, 1, '2016-02-05 11:12:40.286', 1, '2016-02-05 11:12:40.275');
INSERT INTO product_categories (id, code, name, displayorder, createdby, createddate, modifiedby, modifieddate) VALUES (8, 'antimalarials', 'Anti-malarials', 8, 1, '2016-02-05 11:12:40.286', 1, '2016-02-05 11:12:40.275');
INSERT INTO product_categories (id, code, name, displayorder, createdby, createddate, modifiedby, modifieddate) VALUES (9, 'vac', 'Vaccine', 9, 1, '2016-02-05 11:12:40.286', 1, '2016-02-05 11:12:40.275');
INSERT INTO product_categories (id, code, name, displayorder, createdby, createddate, modifiedby, modifieddate) VALUES (10, 'nonvac', 'Non-Vaccine', 10, 1, '2016-02-05 11:12:40.286', 1, '2016-02-05 11:12:40.275');
INSERT INTO product_categories (id, code, name, displayorder, createdby, createddate, modifiedby, modifieddate) VALUES (11, 'oral contraceptives', 'Oral Contraceptive', 1, 4, '2016-04-15 17:37:36.786661', 4, '2016-04-15 20:50:37.425');
INSERT INTO product_categories (id, code, name, displayorder, createdby, createddate, modifiedby, modifieddate) VALUES (12, 'barrier methods', 'Barrier Method', 2, 4, '2016-04-15 17:37:36.786661', 4, '2016-04-15 20:50:37.425');
INSERT INTO product_categories (id, code, name, displayorder, createdby, createddate, modifiedby, modifieddate) VALUES (13, 'implants', 'Implantable Contraceptive', 3, 4, '2016-04-15 17:37:36.786661', 4, '2016-04-15 20:50:37.425');
INSERT INTO product_categories (id, code, name, displayorder, createdby, createddate, modifiedby, modifieddate) VALUES (14, 'injectables', 'Injectable Hormonal Contraceptive', 4, 4, '2016-04-15 17:37:36.786661', 4, '2016-04-15 20:50:37.425');



INSERT INTO program_products (id, programid, productid, dosespermonth, active, currentprice, createdby, createddate, modifiedby, modifieddate, productcategoryid, displayorder, fullsupply, isacoefficientsid) VALUES (12, 4, 13, 99, true, NULL, 1, '2016-02-05 11:13:05.272', 1, '2016-02-05 11:13:05.256', 9, 16, true, NULL);
INSERT INTO program_products (id, programid, productid, dosespermonth, active, currentprice, createdby, createddate, modifiedby, modifieddate, productcategoryid, displayorder, fullsupply, isacoefficientsid) VALUES (13, 4, 14, 99, true, NULL, 1, '2016-02-05 11:13:05.272', 1, '2016-02-05 11:13:05.256', 9, 17, true, NULL);
INSERT INTO program_products (id, programid, productid, dosespermonth, active, currentprice, createdby, createddate, modifiedby, modifieddate, productcategoryid, displayorder, fullsupply, isacoefficientsid) VALUES (14, 4, 15, 99, true, NULL, 1, '2016-02-05 11:13:05.272', 1, '2016-02-05 11:13:05.256', 9, 18, true, NULL);
INSERT INTO program_products (id, programid, productid, dosespermonth, active, currentprice, createdby, createddate, modifiedby, modifieddate, productcategoryid, displayorder, fullsupply, isacoefficientsid) VALUES (15, 4, 16, 99, true, NULL, 1, '2016-02-05 11:13:05.272', 1, '2016-02-05 11:13:05.256', 9, 19, true, NULL);
INSERT INTO program_products (id, programid, productid, dosespermonth, active, currentprice, createdby, createddate, modifiedby, modifieddate, productcategoryid, displayorder, fullsupply, isacoefficientsid) VALUES (16, 4, 17, 99, true, NULL, 1, '2016-02-05 11:13:05.272', 1, '2016-02-05 11:13:05.256', 9, 20, true, NULL);
INSERT INTO program_products (id, programid, productid, dosespermonth, active, currentprice, createdby, createddate, modifiedby, modifieddate, productcategoryid, displayorder, fullsupply, isacoefficientsid) VALUES (17, 4, 18, 99, true, NULL, 1, '2016-02-05 11:13:05.272', 1, '2016-02-05 11:13:05.256', 9, 21, true, NULL);
INSERT INTO program_products (id, programid, productid, dosespermonth, active, currentprice, createdby, createddate, modifiedby, modifieddate, productcategoryid, displayorder, fullsupply, isacoefficientsid) VALUES (18, 4, 19, 99, true, NULL, 1, '2016-02-05 11:13:05.272', 1, '2016-02-05 11:13:05.256', 9, 22, true, NULL);
INSERT INTO program_products (id, programid, productid, dosespermonth, active, currentprice, createdby, createddate, modifiedby, modifieddate, productcategoryid, displayorder, fullsupply, isacoefficientsid) VALUES (19, 4, 20, 99, true, NULL, 1, '2016-02-05 11:13:05.272', 1, '2016-02-05 11:13:05.256', 9, 23, true, NULL);
INSERT INTO program_products (id, programid, productid, dosespermonth, active, currentprice, createdby, createddate, modifiedby, modifieddate, productcategoryid, displayorder, fullsupply, isacoefficientsid) VALUES (20, 4, 21, 99, true, NULL, 1, '2016-02-05 11:13:05.272', 1, '2016-02-05 11:13:05.256', 9, 24, true, NULL);
INSERT INTO program_products (id, programid, productid, dosespermonth, active, currentprice, createdby, createddate, modifiedby, modifieddate, productcategoryid, displayorder, fullsupply, isacoefficientsid) VALUES (21, 4, 22, 99, true, NULL, 1, '2016-02-05 11:13:05.272', 1, '2016-02-05 11:13:05.256', 10, 25, true, NULL);
INSERT INTO program_products (id, programid, productid, dosespermonth, active, currentprice, createdby, createddate, modifiedby, modifieddate, productcategoryid, displayorder, fullsupply, isacoefficientsid) VALUES (22, 4, 23, 99, true, NULL, 1, '2016-02-05 11:13:05.272', 1, '2016-02-05 11:13:05.256', 10, 26, true, NULL);
INSERT INTO program_products (id, programid, productid, dosespermonth, active, currentprice, createdby, createddate, modifiedby, modifieddate, productcategoryid, displayorder, fullsupply, isacoefficientsid) VALUES (23, 4, 24, 99, true, NULL, 1, '2016-02-05 11:13:05.272', 1, '2016-02-05 11:13:05.256', 10, 27, true, NULL);
INSERT INTO program_products (id, programid, productid, dosespermonth, active, currentprice, createdby, createddate, modifiedby, modifieddate, productcategoryid, displayorder, fullsupply, isacoefficientsid) VALUES (24, 4, 25, 99, true, NULL, 1, '2016-02-05 11:13:05.272', 1, '2016-02-05 11:13:05.256', 10, 28, true, NULL);
INSERT INTO program_products (id, programid, productid, dosespermonth, active, currentprice, createdby, createddate, modifiedby, modifieddate, productcategoryid, displayorder, fullsupply, isacoefficientsid) VALUES (25, 4, 26, 99, true, NULL, 1, '2016-02-05 11:13:05.272', 1, '2016-02-05 11:13:05.256', 10, 29, true, NULL);
INSERT INTO program_products (id, programid, productid, dosespermonth, active, currentprice, createdby, createddate, modifiedby, modifieddate, productcategoryid, displayorder, fullsupply, isacoefficientsid) VALUES (6, 3, 3, 30, false, NULL, 1, '2016-02-05 11:13:05.272', 4, '2016-04-13 16:53:25.811965', 5, 6, false, NULL);
INSERT INTO program_products (id, programid, productid, dosespermonth, active, currentprice, createdby, createddate, modifiedby, modifieddate, productcategoryid, displayorder, fullsupply, isacoefficientsid) VALUES (39, 2, 3, 30, true, NULL, NULL, '2016-04-13 16:53:25.811965', 4, '2016-04-13 16:53:25.811965', 5, 6, true, NULL);
INSERT INTO program_products (id, programid, productid, dosespermonth, active, currentprice, createdby, createddate, modifiedby, modifieddate, productcategoryid, displayorder, fullsupply, isacoefficientsid) VALUES (4, 3, 5, 1, true, NULL, 1, '2016-02-05 11:13:05.272', 4, '2016-04-13 17:53:30.319596', 4, 5, true, NULL);
INSERT INTO program_products (id, programid, productid, dosespermonth, active, currentprice, createdby, createddate, modifiedby, modifieddate, productcategoryid, displayorder, fullsupply, isacoefficientsid) VALUES (28, 2, 5, 1, true, 3.75, 1, '2016-02-05 11:13:05.272', 4, '2016-04-13 17:53:30.319596', 4, 4, false, NULL);
INSERT INTO program_products (id, programid, productid, dosespermonth, active, currentprice, createdby, createddate, modifiedby, modifieddate, productcategoryid, displayorder, fullsupply, isacoefficientsid) VALUES (26, 2, 1, 60, false, 61.30, 1, '2016-02-05 11:13:05.272', 4, '2016-04-12 18:33:05.351287', 2, 1, false, NULL);
INSERT INTO program_products (id, programid, productid, dosespermonth, active, currentprice, createdby, createddate, modifiedby, modifieddate, productcategoryid, displayorder, fullsupply, isacoefficientsid) VALUES (30, 1, 1, 60, true, 61.30, NULL, '2016-04-12 18:19:47.342953', 4, '2016-04-12 18:33:05.351287', 2, 1, true, NULL);
INSERT INTO program_products (id, programid, productid, dosespermonth, active, currentprice, createdby, createddate, modifiedby, modifieddate, productcategoryid, displayorder, fullsupply, isacoefficientsid) VALUES (27, 2, 2, 120, false, 29.26, 1, '2016-02-05 11:13:05.272', 4, '2016-04-13 16:29:53.681378', 2, 2, false, NULL);
INSERT INTO program_products (id, programid, productid, dosespermonth, active, currentprice, createdby, createddate, modifiedby, modifieddate, productcategoryid, displayorder, fullsupply, isacoefficientsid) VALUES (31, 1, 2, 120, true, 29.60, NULL, '2016-04-13 16:29:53.681378', 4, '2016-04-13 16:29:53.681378', 2, 2, true, NULL);
INSERT INTO program_products (id, programid, productid, dosespermonth, active, currentprice, createdby, createddate, modifiedby, modifieddate, productcategoryid, displayorder, fullsupply, isacoefficientsid) VALUES (8, 1, 7, 1, false, NULL, 1, '2016-02-05 11:13:05.272', 4, '2016-04-13 16:33:43.407214', 6, 4, false, NULL);
INSERT INTO program_products (id, programid, productid, dosespermonth, active, currentprice, createdby, createddate, modifiedby, modifieddate, productcategoryid, displayorder, fullsupply, isacoefficientsid) VALUES (32, 3, 7, 1, true, NULL, NULL, '2016-04-13 16:33:43.407214', 4, '2016-04-13 16:33:43.407214', 6, 4, true, NULL);
INSERT INTO program_products (id, programid, productid, dosespermonth, active, currentprice, createdby, createddate, modifiedby, modifieddate, productcategoryid, displayorder, fullsupply, isacoefficientsid) VALUES (9, 1, 8, 60, false, NULL, 1, '2016-02-05 11:13:05.272', 4, '2016-04-13 16:36:11.885382', 8, 1, false, NULL);
INSERT INTO program_products (id, programid, productid, dosespermonth, active, currentprice, createdby, createddate, modifiedby, modifieddate, productcategoryid, displayorder, fullsupply, isacoefficientsid) VALUES (33, 3, 8, 60, true, NULL, NULL, '2016-04-13 16:36:11.885382', 4, '2016-04-13 16:36:11.885382', 8, 1, true, NULL);
INSERT INTO program_products (id, programid, productid, dosespermonth, active, currentprice, createdby, createddate, modifiedby, modifieddate, productcategoryid, displayorder, fullsupply, isacoefficientsid) VALUES (10, 1, 11, 1, false, NULL, 1, '2016-02-05 11:13:05.272', 4, '2016-04-13 16:38:56.67492', 7, 2, false, NULL);
INSERT INTO program_products (id, programid, productid, dosespermonth, active, currentprice, createdby, createddate, modifiedby, modifieddate, productcategoryid, displayorder, fullsupply, isacoefficientsid) VALUES (34, 2, 11, 1, true, NULL, NULL, '2016-04-13 16:38:56.67492', 4, '2016-04-13 16:38:56.67492', 7, 2, true, NULL);
INSERT INTO program_products (id, programid, productid, dosespermonth, active, currentprice, createdby, createddate, modifiedby, modifieddate, productcategoryid, displayorder, fullsupply, isacoefficientsid) VALUES (11, 1, 12, 60, false, NULL, 1, '2016-02-05 11:13:05.272', 4, '2016-04-13 16:43:10.341469', 7, 3, false, NULL);
INSERT INTO program_products (id, programid, productid, dosespermonth, active, currentprice, createdby, createddate, modifiedby, modifieddate, productcategoryid, displayorder, fullsupply, isacoefficientsid) VALUES (35, 2, 12, 60, true, NULL, NULL, '2016-04-13 16:43:10.341469', 4, '2016-04-13 16:43:10.341469', 7, 3, true, NULL);
INSERT INTO program_products (id, programid, productid, dosespermonth, active, currentprice, createdby, createddate, modifiedby, modifieddate, productcategoryid, displayorder, fullsupply, isacoefficientsid) VALUES (3, 3, 10, 3, false, NULL, 1, '2016-02-05 11:13:05.272', 4, '2016-04-13 16:45:26.251063', 1, 1, false, NULL);
INSERT INTO program_products (id, programid, productid, dosespermonth, active, currentprice, createdby, createddate, modifiedby, modifieddate, productcategoryid, displayorder, fullsupply, isacoefficientsid) VALUES (36, 2, 10, 3, true, NULL, NULL, '2016-04-13 16:45:26.251063', 4, '2016-04-13 16:45:26.251063', 1, 1, true, NULL);
INSERT INTO program_products (id, programid, productid, dosespermonth, active, currentprice, createdby, createddate, modifiedby, modifieddate, productcategoryid, displayorder, fullsupply, isacoefficientsid) VALUES (2, 3, 9, 60, false, NULL, 1, '2016-02-05 11:13:05.272', 4, '2016-04-13 16:47:13.735906', 1, 2, false, NULL);
INSERT INTO program_products (id, programid, productid, dosespermonth, active, currentprice, createdby, createddate, modifiedby, modifieddate, productcategoryid, displayorder, fullsupply, isacoefficientsid) VALUES (37, 2, 9, 60, true, NULL, NULL, '2016-04-13 16:47:13.735906', 4, '2016-04-13 16:47:13.735906', 1, 2, true, NULL);
INSERT INTO program_products (id, programid, productid, dosespermonth, active, currentprice, createdby, createddate, modifiedby, modifieddate, productcategoryid, displayorder, fullsupply, isacoefficientsid) VALUES (1, 3, 4, 90, true, NULL, 1, '2016-02-05 11:13:05.272', 4, '2016-04-13 16:49:17.060509', 3, 3, true, NULL);
INSERT INTO program_products (id, programid, productid, dosespermonth, active, currentprice, createdby, createddate, modifiedby, modifieddate, productcategoryid, displayorder, fullsupply, isacoefficientsid) VALUES (7, 1, 4, 90, false, NULL, 1, '2016-02-05 11:13:05.272', 4, '2016-04-13 16:49:17.060509', 3, 5, false, NULL);
INSERT INTO program_products (id, programid, productid, dosespermonth, active, currentprice, createdby, createddate, modifiedby, modifieddate, productcategoryid, displayorder, fullsupply, isacoefficientsid) VALUES (38, 2, 4, 90, true, NULL, NULL, '2016-04-13 16:49:17.060509', 4, '2016-04-13 16:49:17.060509', 1, 5, true, NULL);
INSERT INTO program_products (id, programid, productid, dosespermonth, active, currentprice, createdby, createddate, modifiedby, modifieddate, productcategoryid, displayorder, fullsupply, isacoefficientsid) VALUES (5, 3, 6, 60, false, NULL, 1, '2016-02-05 11:13:05.272', 4, '2016-04-13 16:50:53.054432', 1, 4, false, NULL);
INSERT INTO program_products (id, programid, productid, dosespermonth, active, currentprice, createdby, createddate, modifiedby, modifieddate, productcategoryid, displayorder, fullsupply, isacoefficientsid) VALUES (29, 2, 6, 60, true, 16.40, 1, '2016-02-05 11:13:05.272', 4, '2016-04-13 16:50:53.054432', 1, 3, true, NULL);
INSERT INTO program_products (id, programid, productid, dosespermonth, active, currentprice, createdby, createddate, modifiedby, modifieddate, productcategoryid, displayorder, fullsupply, isacoefficientsid) VALUES (40, 5, 35, 1, true, NULL, NULL, '2016-04-15 20:21:18.485237', 4, '2016-04-15 21:31:33.419', 11, 1, true, NULL);
INSERT INTO program_products (id, programid, productid, dosespermonth, active, currentprice, createdby, createddate, modifiedby, modifieddate, productcategoryid, displayorder, fullsupply, isacoefficientsid) VALUES (41, 5, 36, 1, true, NULL, NULL, '2016-04-15 20:22:21.031987', 4, '2016-04-15 21:31:33.419', 11, 1, true, NULL);
INSERT INTO program_products (id, programid, productid, dosespermonth, active, currentprice, createdby, createddate, modifiedby, modifieddate, productcategoryid, displayorder, fullsupply, isacoefficientsid) VALUES (43, 5, 38, 1, true, NULL, NULL, '2016-04-15 20:24:34.105347', 4, '2016-04-15 21:31:33.419', 12, 2, true, NULL);
INSERT INTO program_products (id, programid, productid, dosespermonth, active, currentprice, createdby, createddate, modifiedby, modifieddate, productcategoryid, displayorder, fullsupply, isacoefficientsid) VALUES (42, 5, 37, 1, true, NULL, NULL, '2016-04-15 20:23:41.990821', 4, '2016-04-16 04:43:04.59174', 14, 4, true, NULL);
INSERT INTO program_products (id, programid, productid, dosespermonth, active, currentprice, createdby, createddate, modifiedby, modifieddate, productcategoryid, displayorder, fullsupply, isacoefficientsid) VALUES (44, 5, 39, 1, true, NULL, NULL, '2016-04-15 20:26:11.212065', 4, '2016-04-16 04:43:54.932064', 13, 3, true, NULL);
INSERT INTO program_products (id, programid, productid, dosespermonth, active, currentprice, createdby, createddate, modifiedby, modifieddate, productcategoryid, displayorder, fullsupply, isacoefficientsid) VALUES (45, 5, 40, 1, true, NULL, NULL, '2016-04-15 20:27:22.537056', 4, '2016-04-16 04:44:18.749903', 13, 3, true, NULL);



INSERT INTO epi_inventory_line_items (id, productname, idealquantity, existingquantity, spoiledquantity, deliveredquantity, facilityvisitid, productcode, productdisplayorder, programproductid, createdby, createddate, modifiedby, modifieddate, idealquantitybypacksize) VALUES (1, 'BCG', NULL, NULL, NULL, NULL, 1, 'bcg20', 16, 12, 4, '2016-04-14 18:32:54.609314', 4, '2016-04-14 18:32:54.609314', NULL);
INSERT INTO epi_inventory_line_items (id, productname, idealquantity, existingquantity, spoiledquantity, deliveredquantity, facilityvisitid, productcode, productdisplayorder, programproductid, createdby, createddate, modifiedby, modifieddate, idealquantitybypacksize) VALUES (2, 'Polio (10 dose)', NULL, NULL, NULL, NULL, 1, 'polio10', 17, 13, 4, '2016-04-14 18:32:54.609314', 4, '2016-04-14 18:32:54.609314', NULL);
INSERT INTO epi_inventory_line_items (id, productname, idealquantity, existingquantity, spoiledquantity, deliveredquantity, facilityvisitid, productcode, productdisplayorder, programproductid, createdby, createddate, modifiedby, modifieddate, idealquantitybypacksize) VALUES (3, 'Polio (20 dose)', NULL, NULL, NULL, NULL, 1, 'polio20', 18, 14, 4, '2016-04-14 18:32:54.609314', 4, '2016-04-14 18:32:54.609314', NULL);
INSERT INTO epi_inventory_line_items (id, productname, idealquantity, existingquantity, spoiledquantity, deliveredquantity, facilityvisitid, productcode, productdisplayorder, programproductid, createdby, createddate, modifiedby, modifieddate, idealquantitybypacksize) VALUES (4, 'Pentavalent (1 dose)', NULL, NULL, NULL, NULL, 1, 'penta1', 19, 15, 4, '2016-04-14 18:32:54.609314', 4, '2016-04-14 18:32:54.609314', NULL);
INSERT INTO epi_inventory_line_items (id, productname, idealquantity, existingquantity, spoiledquantity, deliveredquantity, facilityvisitid, productcode, productdisplayorder, programproductid, createdby, createddate, modifiedby, modifieddate, idealquantitybypacksize) VALUES (5, 'Pentavalent (10 dose)', NULL, NULL, NULL, NULL, 1, 'penta10', 20, 16, 4, '2016-04-14 18:32:54.609314', 4, '2016-04-14 18:32:54.609314', NULL);
INSERT INTO epi_inventory_line_items (id, productname, idealquantity, existingquantity, spoiledquantity, deliveredquantity, facilityvisitid, productcode, productdisplayorder, programproductid, createdby, createddate, modifiedby, modifieddate, idealquantitybypacksize) VALUES (6, 'PCV10', NULL, NULL, NULL, NULL, 1, 'pcv10', 21, 17, 4, '2016-04-14 18:32:54.609314', 4, '2016-04-14 18:32:54.609314', NULL);
INSERT INTO epi_inventory_line_items (id, productname, idealquantity, existingquantity, spoiledquantity, deliveredquantity, facilityvisitid, productcode, productdisplayorder, programproductid, createdby, createddate, modifiedby, modifieddate, idealquantitybypacksize) VALUES (7, 'HPV', NULL, NULL, NULL, NULL, 1, 'hpv2', 22, 18, 4, '2016-04-14 18:32:54.609314', 4, '2016-04-14 18:32:54.609314', NULL);
INSERT INTO epi_inventory_line_items (id, productname, idealquantity, existingquantity, spoiledquantity, deliveredquantity, facilityvisitid, productcode, productdisplayorder, programproductid, createdby, createddate, modifiedby, modifieddate, idealquantitybypacksize) VALUES (8, 'Sarampo', NULL, NULL, NULL, NULL, 1, 'measles10', 23, 19, 4, '2016-04-14 18:32:54.609314', 4, '2016-04-14 18:32:54.609314', NULL);
INSERT INTO epi_inventory_line_items (id, productname, idealquantity, existingquantity, spoiledquantity, deliveredquantity, facilityvisitid, productcode, productdisplayorder, programproductid, createdby, createddate, modifiedby, modifieddate, idealquantitybypacksize) VALUES (9, 'VAT', NULL, NULL, NULL, NULL, 1, 'tetanus10', 24, 20, 4, '2016-04-14 18:32:54.609314', 4, '2016-04-14 18:32:54.609314', NULL);
INSERT INTO epi_inventory_line_items (id, productname, idealquantity, existingquantity, spoiledquantity, deliveredquantity, facilityvisitid, productcode, productdisplayorder, programproductid, createdby, createddate, modifiedby, modifieddate, idealquantitybypacksize) VALUES (10, 'Seringa 5ml', NULL, NULL, NULL, NULL, 1, 'syringe5ml', 25, 21, 4, '2016-04-14 18:32:54.609314', 4, '2016-04-14 18:32:54.609314', NULL);
INSERT INTO epi_inventory_line_items (id, productname, idealquantity, existingquantity, spoiledquantity, deliveredquantity, facilityvisitid, productcode, productdisplayorder, programproductid, createdby, createddate, modifiedby, modifieddate, idealquantitybypacksize) VALUES (11, 'Seringa 0,5ml', NULL, NULL, NULL, NULL, 1, 'syringe05ml', 26, 22, 4, '2016-04-14 18:32:54.609314', 4, '2016-04-14 18:32:54.609314', NULL);
INSERT INTO epi_inventory_line_items (id, productname, idealquantity, existingquantity, spoiledquantity, deliveredquantity, facilityvisitid, productcode, productdisplayorder, programproductid, createdby, createddate, modifiedby, modifieddate, idealquantitybypacksize) VALUES (12, 'Seringa 0,05ml', NULL, NULL, NULL, NULL, 1, 'syringe005ml', 27, 23, 4, '2016-04-14 18:32:54.609314', 4, '2016-04-14 18:32:54.609314', NULL);
INSERT INTO epi_inventory_line_items (id, productname, idealquantity, existingquantity, spoiledquantity, deliveredquantity, facilityvisitid, productcode, productdisplayorder, programproductid, createdby, createddate, modifiedby, modifieddate, idealquantitybypacksize) VALUES (13, 'Caixas Inciner.', NULL, NULL, NULL, NULL, 1, 'safetybox', 28, 24, 4, '2016-04-14 18:32:54.609314', 4, '2016-04-14 18:32:54.609314', NULL);
INSERT INTO epi_inventory_line_items (id, productname, idealquantity, existingquantity, spoiledquantity, deliveredquantity, facilityvisitid, productcode, productdisplayorder, programproductid, createdby, createddate, modifiedby, modifieddate, idealquantitybypacksize) VALUES (14, 'Gás (Cilindro)', NULL, NULL, NULL, NULL, 1, 'gas', 29, 25, 4, '2016-04-14 18:32:54.609314', 4, '2016-04-14 18:32:54.609314', NULL);
INSERT INTO epi_inventory_line_items (id, productname, idealquantity, existingquantity, spoiledquantity, deliveredquantity, facilityvisitid, productcode, productdisplayorder, programproductid, createdby, createddate, modifiedby, modifieddate, idealquantitybypacksize) VALUES (15, 'BCG', NULL, NULL, NULL, NULL, 2, 'bcg20', 16, 12, 4, '2016-04-14 18:32:54.609314', 4, '2016-04-14 18:32:54.609314', NULL);
INSERT INTO epi_inventory_line_items (id, productname, idealquantity, existingquantity, spoiledquantity, deliveredquantity, facilityvisitid, productcode, productdisplayorder, programproductid, createdby, createddate, modifiedby, modifieddate, idealquantitybypacksize) VALUES (16, 'Polio (10 dose)', NULL, NULL, NULL, NULL, 2, 'polio10', 17, 13, 4, '2016-04-14 18:32:54.609314', 4, '2016-04-14 18:32:54.609314', NULL);
INSERT INTO epi_inventory_line_items (id, productname, idealquantity, existingquantity, spoiledquantity, deliveredquantity, facilityvisitid, productcode, productdisplayorder, programproductid, createdby, createddate, modifiedby, modifieddate, idealquantitybypacksize) VALUES (17, 'Polio (20 dose)', NULL, NULL, NULL, NULL, 2, 'polio20', 18, 14, 4, '2016-04-14 18:32:54.609314', 4, '2016-04-14 18:32:54.609314', NULL);
INSERT INTO epi_inventory_line_items (id, productname, idealquantity, existingquantity, spoiledquantity, deliveredquantity, facilityvisitid, productcode, productdisplayorder, programproductid, createdby, createddate, modifiedby, modifieddate, idealquantitybypacksize) VALUES (18, 'Pentavalent (1 dose)', NULL, NULL, NULL, NULL, 2, 'penta1', 19, 15, 4, '2016-04-14 18:32:54.609314', 4, '2016-04-14 18:32:54.609314', NULL);
INSERT INTO epi_inventory_line_items (id, productname, idealquantity, existingquantity, spoiledquantity, deliveredquantity, facilityvisitid, productcode, productdisplayorder, programproductid, createdby, createddate, modifiedby, modifieddate, idealquantitybypacksize) VALUES (19, 'Pentavalent (10 dose)', NULL, NULL, NULL, NULL, 2, 'penta10', 20, 16, 4, '2016-04-14 18:32:54.609314', 4, '2016-04-14 18:32:54.609314', NULL);
INSERT INTO epi_inventory_line_items (id, productname, idealquantity, existingquantity, spoiledquantity, deliveredquantity, facilityvisitid, productcode, productdisplayorder, programproductid, createdby, createddate, modifiedby, modifieddate, idealquantitybypacksize) VALUES (20, 'PCV10', NULL, NULL, NULL, NULL, 2, 'pcv10', 21, 17, 4, '2016-04-14 18:32:54.609314', 4, '2016-04-14 18:32:54.609314', NULL);
INSERT INTO epi_inventory_line_items (id, productname, idealquantity, existingquantity, spoiledquantity, deliveredquantity, facilityvisitid, productcode, productdisplayorder, programproductid, createdby, createddate, modifiedby, modifieddate, idealquantitybypacksize) VALUES (21, 'HPV', NULL, NULL, NULL, NULL, 2, 'hpv2', 22, 18, 4, '2016-04-14 18:32:54.609314', 4, '2016-04-14 18:32:54.609314', NULL);
INSERT INTO epi_inventory_line_items (id, productname, idealquantity, existingquantity, spoiledquantity, deliveredquantity, facilityvisitid, productcode, productdisplayorder, programproductid, createdby, createddate, modifiedby, modifieddate, idealquantitybypacksize) VALUES (22, 'Sarampo', NULL, NULL, NULL, NULL, 2, 'measles10', 23, 19, 4, '2016-04-14 18:32:54.609314', 4, '2016-04-14 18:32:54.609314', NULL);
INSERT INTO epi_inventory_line_items (id, productname, idealquantity, existingquantity, spoiledquantity, deliveredquantity, facilityvisitid, productcode, productdisplayorder, programproductid, createdby, createddate, modifiedby, modifieddate, idealquantitybypacksize) VALUES (23, 'VAT', NULL, NULL, NULL, NULL, 2, 'tetanus10', 24, 20, 4, '2016-04-14 18:32:54.609314', 4, '2016-04-14 18:32:54.609314', NULL);
INSERT INTO epi_inventory_line_items (id, productname, idealquantity, existingquantity, spoiledquantity, deliveredquantity, facilityvisitid, productcode, productdisplayorder, programproductid, createdby, createddate, modifiedby, modifieddate, idealquantitybypacksize) VALUES (24, 'Seringa 5ml', NULL, NULL, NULL, NULL, 2, 'syringe5ml', 25, 21, 4, '2016-04-14 18:32:54.609314', 4, '2016-04-14 18:32:54.609314', NULL);
INSERT INTO epi_inventory_line_items (id, productname, idealquantity, existingquantity, spoiledquantity, deliveredquantity, facilityvisitid, productcode, productdisplayorder, programproductid, createdby, createddate, modifiedby, modifieddate, idealquantitybypacksize) VALUES (25, 'Seringa 0,5ml', NULL, NULL, NULL, NULL, 2, 'syringe05ml', 26, 22, 4, '2016-04-14 18:32:54.609314', 4, '2016-04-14 18:32:54.609314', NULL);
INSERT INTO epi_inventory_line_items (id, productname, idealquantity, existingquantity, spoiledquantity, deliveredquantity, facilityvisitid, productcode, productdisplayorder, programproductid, createdby, createddate, modifiedby, modifieddate, idealquantitybypacksize) VALUES (26, 'Seringa 0,05ml', NULL, NULL, NULL, NULL, 2, 'syringe005ml', 27, 23, 4, '2016-04-14 18:32:54.609314', 4, '2016-04-14 18:32:54.609314', NULL);
INSERT INTO epi_inventory_line_items (id, productname, idealquantity, existingquantity, spoiledquantity, deliveredquantity, facilityvisitid, productcode, productdisplayorder, programproductid, createdby, createddate, modifiedby, modifieddate, idealquantitybypacksize) VALUES (27, 'Caixas Inciner.', NULL, NULL, NULL, NULL, 2, 'safetybox', 28, 24, 4, '2016-04-14 18:32:54.609314', 4, '2016-04-14 18:32:54.609314', NULL);
INSERT INTO epi_inventory_line_items (id, productname, idealquantity, existingquantity, spoiledquantity, deliveredquantity, facilityvisitid, productcode, productdisplayorder, programproductid, createdby, createddate, modifiedby, modifieddate, idealquantitybypacksize) VALUES (28, 'Gás (Cilindro)', NULL, NULL, NULL, NULL, 2, 'gas', 29, 25, 4, '2016-04-14 18:32:54.609314', 4, '2016-04-14 18:32:54.609314', NULL);
INSERT INTO epi_inventory_line_items (id, productname, idealquantity, existingquantity, spoiledquantity, deliveredquantity, facilityvisitid, productcode, productdisplayorder, programproductid, createdby, createddate, modifiedby, modifieddate, idealquantitybypacksize) VALUES (29, 'BCG', NULL, NULL, NULL, NULL, 3, 'bcg20', 16, 12, 4, '2016-04-14 18:32:54.609314', 4, '2016-04-14 18:32:54.609314', NULL);
INSERT INTO epi_inventory_line_items (id, productname, idealquantity, existingquantity, spoiledquantity, deliveredquantity, facilityvisitid, productcode, productdisplayorder, programproductid, createdby, createddate, modifiedby, modifieddate, idealquantitybypacksize) VALUES (30, 'Polio (10 dose)', NULL, NULL, NULL, NULL, 3, 'polio10', 17, 13, 4, '2016-04-14 18:32:54.609314', 4, '2016-04-14 18:32:54.609314', NULL);
INSERT INTO epi_inventory_line_items (id, productname, idealquantity, existingquantity, spoiledquantity, deliveredquantity, facilityvisitid, productcode, productdisplayorder, programproductid, createdby, createddate, modifiedby, modifieddate, idealquantitybypacksize) VALUES (31, 'Polio (20 dose)', NULL, NULL, NULL, NULL, 3, 'polio20', 18, 14, 4, '2016-04-14 18:32:54.609314', 4, '2016-04-14 18:32:54.609314', NULL);
INSERT INTO epi_inventory_line_items (id, productname, idealquantity, existingquantity, spoiledquantity, deliveredquantity, facilityvisitid, productcode, productdisplayorder, programproductid, createdby, createddate, modifiedby, modifieddate, idealquantitybypacksize) VALUES (32, 'Pentavalent (1 dose)', NULL, NULL, NULL, NULL, 3, 'penta1', 19, 15, 4, '2016-04-14 18:32:54.609314', 4, '2016-04-14 18:32:54.609314', NULL);
INSERT INTO epi_inventory_line_items (id, productname, idealquantity, existingquantity, spoiledquantity, deliveredquantity, facilityvisitid, productcode, productdisplayorder, programproductid, createdby, createddate, modifiedby, modifieddate, idealquantitybypacksize) VALUES (33, 'Pentavalent (10 dose)', NULL, NULL, NULL, NULL, 3, 'penta10', 20, 16, 4, '2016-04-14 18:32:54.609314', 4, '2016-04-14 18:32:54.609314', NULL);
INSERT INTO epi_inventory_line_items (id, productname, idealquantity, existingquantity, spoiledquantity, deliveredquantity, facilityvisitid, productcode, productdisplayorder, programproductid, createdby, createddate, modifiedby, modifieddate, idealquantitybypacksize) VALUES (34, 'PCV10', NULL, NULL, NULL, NULL, 3, 'pcv10', 21, 17, 4, '2016-04-14 18:32:54.609314', 4, '2016-04-14 18:32:54.609314', NULL);
INSERT INTO epi_inventory_line_items (id, productname, idealquantity, existingquantity, spoiledquantity, deliveredquantity, facilityvisitid, productcode, productdisplayorder, programproductid, createdby, createddate, modifiedby, modifieddate, idealquantitybypacksize) VALUES (35, 'HPV', NULL, NULL, NULL, NULL, 3, 'hpv2', 22, 18, 4, '2016-04-14 18:32:54.609314', 4, '2016-04-14 18:32:54.609314', NULL);
INSERT INTO epi_inventory_line_items (id, productname, idealquantity, existingquantity, spoiledquantity, deliveredquantity, facilityvisitid, productcode, productdisplayorder, programproductid, createdby, createddate, modifiedby, modifieddate, idealquantitybypacksize) VALUES (36, 'Sarampo', NULL, NULL, NULL, NULL, 3, 'measles10', 23, 19, 4, '2016-04-14 18:32:54.609314', 4, '2016-04-14 18:32:54.609314', NULL);
INSERT INTO epi_inventory_line_items (id, productname, idealquantity, existingquantity, spoiledquantity, deliveredquantity, facilityvisitid, productcode, productdisplayorder, programproductid, createdby, createddate, modifiedby, modifieddate, idealquantitybypacksize) VALUES (37, 'VAT', NULL, NULL, NULL, NULL, 3, 'tetanus10', 24, 20, 4, '2016-04-14 18:32:54.609314', 4, '2016-04-14 18:32:54.609314', NULL);
INSERT INTO epi_inventory_line_items (id, productname, idealquantity, existingquantity, spoiledquantity, deliveredquantity, facilityvisitid, productcode, productdisplayorder, programproductid, createdby, createddate, modifiedby, modifieddate, idealquantitybypacksize) VALUES (38, 'Seringa 5ml', NULL, NULL, NULL, NULL, 3, 'syringe5ml', 25, 21, 4, '2016-04-14 18:32:54.609314', 4, '2016-04-14 18:32:54.609314', NULL);
INSERT INTO epi_inventory_line_items (id, productname, idealquantity, existingquantity, spoiledquantity, deliveredquantity, facilityvisitid, productcode, productdisplayorder, programproductid, createdby, createddate, modifiedby, modifieddate, idealquantitybypacksize) VALUES (39, 'Seringa 0,5ml', NULL, NULL, NULL, NULL, 3, 'syringe05ml', 26, 22, 4, '2016-04-14 18:32:54.609314', 4, '2016-04-14 18:32:54.609314', NULL);
INSERT INTO epi_inventory_line_items (id, productname, idealquantity, existingquantity, spoiledquantity, deliveredquantity, facilityvisitid, productcode, productdisplayorder, programproductid, createdby, createddate, modifiedby, modifieddate, idealquantitybypacksize) VALUES (40, 'Seringa 0,05ml', NULL, NULL, NULL, NULL, 3, 'syringe005ml', 27, 23, 4, '2016-04-14 18:32:54.609314', 4, '2016-04-14 18:32:54.609314', NULL);
INSERT INTO epi_inventory_line_items (id, productname, idealquantity, existingquantity, spoiledquantity, deliveredquantity, facilityvisitid, productcode, productdisplayorder, programproductid, createdby, createddate, modifiedby, modifieddate, idealquantitybypacksize) VALUES (41, 'Caixas Inciner.', NULL, NULL, NULL, NULL, 3, 'safetybox', 28, 24, 4, '2016-04-14 18:32:54.609314', 4, '2016-04-14 18:32:54.609314', NULL);
INSERT INTO epi_inventory_line_items (id, productname, idealquantity, existingquantity, spoiledquantity, deliveredquantity, facilityvisitid, productcode, productdisplayorder, programproductid, createdby, createddate, modifiedby, modifieddate, idealquantitybypacksize) VALUES (42, 'Gás (Cilindro)', NULL, NULL, NULL, NULL, 3, 'gas', 29, 25, 4, '2016-04-14 18:32:54.609314', 4, '2016-04-14 18:32:54.609314', NULL);



SELECT pg_catalog.setval('epi_inventory_line_items_id_seq', 42, true);



INSERT INTO epi_use_line_items (id, productgroupid, productgroupname, stockatfirstofmonth, received, distributed, loss, stockatendofmonth, expirationdate, createdby, createddate, modifiedby, modifieddate, facilityvisitid) VALUES (1, 1, 'BCG', NULL, NULL, NULL, NULL, NULL, NULL, 4, '2016-04-14 18:32:54.609314', 4, '2016-04-14 18:32:54.609314', 1);
INSERT INTO epi_use_line_items (id, productgroupid, productgroupname, stockatfirstofmonth, received, distributed, loss, stockatendofmonth, expirationdate, createdby, createddate, modifiedby, modifieddate, facilityvisitid) VALUES (2, 2, 'Polio', NULL, NULL, NULL, NULL, NULL, NULL, 4, '2016-04-14 18:32:54.609314', 4, '2016-04-14 18:32:54.609314', 1);
INSERT INTO epi_use_line_items (id, productgroupid, productgroupname, stockatfirstofmonth, received, distributed, loss, stockatendofmonth, expirationdate, createdby, createddate, modifiedby, modifieddate, facilityvisitid) VALUES (3, 3, 'Pentavalent', NULL, NULL, NULL, NULL, NULL, NULL, 4, '2016-04-14 18:32:54.609314', 4, '2016-04-14 18:32:54.609314', 1);
INSERT INTO epi_use_line_items (id, productgroupid, productgroupname, stockatfirstofmonth, received, distributed, loss, stockatendofmonth, expirationdate, createdby, createddate, modifiedby, modifieddate, facilityvisitid) VALUES (4, 4, 'Sarampo', NULL, NULL, NULL, NULL, NULL, NULL, 4, '2016-04-14 18:32:54.609314', 4, '2016-04-14 18:32:54.609314', 1);
INSERT INTO epi_use_line_items (id, productgroupid, productgroupname, stockatfirstofmonth, received, distributed, loss, stockatendofmonth, expirationdate, createdby, createddate, modifiedby, modifieddate, facilityvisitid) VALUES (5, 5, 'PCV10', NULL, NULL, NULL, NULL, NULL, NULL, 4, '2016-04-14 18:32:54.609314', 4, '2016-04-14 18:32:54.609314', 1);
INSERT INTO epi_use_line_items (id, productgroupid, productgroupname, stockatfirstofmonth, received, distributed, loss, stockatendofmonth, expirationdate, createdby, createddate, modifiedby, modifieddate, facilityvisitid) VALUES (6, 6, 'HPV', NULL, NULL, NULL, NULL, NULL, NULL, 4, '2016-04-14 18:32:54.609314', 4, '2016-04-14 18:32:54.609314', 1);
INSERT INTO epi_use_line_items (id, productgroupid, productgroupname, stockatfirstofmonth, received, distributed, loss, stockatendofmonth, expirationdate, createdby, createddate, modifiedby, modifieddate, facilityvisitid) VALUES (7, 7, 'VAT', NULL, NULL, NULL, NULL, NULL, NULL, 4, '2016-04-14 18:32:54.609314', 4, '2016-04-14 18:32:54.609314', 1);
INSERT INTO epi_use_line_items (id, productgroupid, productgroupname, stockatfirstofmonth, received, distributed, loss, stockatendofmonth, expirationdate, createdby, createddate, modifiedby, modifieddate, facilityvisitid) VALUES (8, 1, 'BCG', NULL, NULL, NULL, NULL, NULL, NULL, 4, '2016-04-14 18:32:54.609314', 4, '2016-04-14 18:32:54.609314', 2);
INSERT INTO epi_use_line_items (id, productgroupid, productgroupname, stockatfirstofmonth, received, distributed, loss, stockatendofmonth, expirationdate, createdby, createddate, modifiedby, modifieddate, facilityvisitid) VALUES (9, 2, 'Polio', NULL, NULL, NULL, NULL, NULL, NULL, 4, '2016-04-14 18:32:54.609314', 4, '2016-04-14 18:32:54.609314', 2);
INSERT INTO epi_use_line_items (id, productgroupid, productgroupname, stockatfirstofmonth, received, distributed, loss, stockatendofmonth, expirationdate, createdby, createddate, modifiedby, modifieddate, facilityvisitid) VALUES (10, 3, 'Pentavalent', NULL, NULL, NULL, NULL, NULL, NULL, 4, '2016-04-14 18:32:54.609314', 4, '2016-04-14 18:32:54.609314', 2);
INSERT INTO epi_use_line_items (id, productgroupid, productgroupname, stockatfirstofmonth, received, distributed, loss, stockatendofmonth, expirationdate, createdby, createddate, modifiedby, modifieddate, facilityvisitid) VALUES (11, 4, 'Sarampo', NULL, NULL, NULL, NULL, NULL, NULL, 4, '2016-04-14 18:32:54.609314', 4, '2016-04-14 18:32:54.609314', 2);
INSERT INTO epi_use_line_items (id, productgroupid, productgroupname, stockatfirstofmonth, received, distributed, loss, stockatendofmonth, expirationdate, createdby, createddate, modifiedby, modifieddate, facilityvisitid) VALUES (12, 5, 'PCV10', NULL, NULL, NULL, NULL, NULL, NULL, 4, '2016-04-14 18:32:54.609314', 4, '2016-04-14 18:32:54.609314', 2);
INSERT INTO epi_use_line_items (id, productgroupid, productgroupname, stockatfirstofmonth, received, distributed, loss, stockatendofmonth, expirationdate, createdby, createddate, modifiedby, modifieddate, facilityvisitid) VALUES (13, 6, 'HPV', NULL, NULL, NULL, NULL, NULL, NULL, 4, '2016-04-14 18:32:54.609314', 4, '2016-04-14 18:32:54.609314', 2);
INSERT INTO epi_use_line_items (id, productgroupid, productgroupname, stockatfirstofmonth, received, distributed, loss, stockatendofmonth, expirationdate, createdby, createddate, modifiedby, modifieddate, facilityvisitid) VALUES (14, 7, 'VAT', NULL, NULL, NULL, NULL, NULL, NULL, 4, '2016-04-14 18:32:54.609314', 4, '2016-04-14 18:32:54.609314', 2);
INSERT INTO epi_use_line_items (id, productgroupid, productgroupname, stockatfirstofmonth, received, distributed, loss, stockatendofmonth, expirationdate, createdby, createddate, modifiedby, modifieddate, facilityvisitid) VALUES (15, 1, 'BCG', NULL, NULL, NULL, NULL, NULL, NULL, 4, '2016-04-14 18:32:54.609314', 4, '2016-04-14 18:32:54.609314', 3);
INSERT INTO epi_use_line_items (id, productgroupid, productgroupname, stockatfirstofmonth, received, distributed, loss, stockatendofmonth, expirationdate, createdby, createddate, modifiedby, modifieddate, facilityvisitid) VALUES (16, 2, 'Polio', NULL, NULL, NULL, NULL, NULL, NULL, 4, '2016-04-14 18:32:54.609314', 4, '2016-04-14 18:32:54.609314', 3);
INSERT INTO epi_use_line_items (id, productgroupid, productgroupname, stockatfirstofmonth, received, distributed, loss, stockatendofmonth, expirationdate, createdby, createddate, modifiedby, modifieddate, facilityvisitid) VALUES (17, 3, 'Pentavalent', NULL, NULL, NULL, NULL, NULL, NULL, 4, '2016-04-14 18:32:54.609314', 4, '2016-04-14 18:32:54.609314', 3);
INSERT INTO epi_use_line_items (id, productgroupid, productgroupname, stockatfirstofmonth, received, distributed, loss, stockatendofmonth, expirationdate, createdby, createddate, modifiedby, modifieddate, facilityvisitid) VALUES (18, 4, 'Sarampo', NULL, NULL, NULL, NULL, NULL, NULL, 4, '2016-04-14 18:32:54.609314', 4, '2016-04-14 18:32:54.609314', 3);
INSERT INTO epi_use_line_items (id, productgroupid, productgroupname, stockatfirstofmonth, received, distributed, loss, stockatendofmonth, expirationdate, createdby, createddate, modifiedby, modifieddate, facilityvisitid) VALUES (19, 5, 'PCV10', NULL, NULL, NULL, NULL, NULL, NULL, 4, '2016-04-14 18:32:54.609314', 4, '2016-04-14 18:32:54.609314', 3);
INSERT INTO epi_use_line_items (id, productgroupid, productgroupname, stockatfirstofmonth, received, distributed, loss, stockatendofmonth, expirationdate, createdby, createddate, modifiedby, modifieddate, facilityvisitid) VALUES (20, 6, 'HPV', NULL, NULL, NULL, NULL, NULL, NULL, 4, '2016-04-14 18:32:54.609314', 4, '2016-04-14 18:32:54.609314', 3);
INSERT INTO epi_use_line_items (id, productgroupid, productgroupname, stockatfirstofmonth, received, distributed, loss, stockatendofmonth, expirationdate, createdby, createddate, modifiedby, modifieddate, facilityvisitid) VALUES (21, 7, 'VAT', NULL, NULL, NULL, NULL, NULL, NULL, 4, '2016-04-14 18:32:54.609314', 4, '2016-04-14 18:32:54.609314', 3);



SELECT pg_catalog.setval('epi_use_line_items_id_seq', 21, true);



INSERT INTO equipments (id, name, equipmenttypeid, createdby, createddate, modifiedby, modifieddate, manufacturer, model, energytypeid) VALUES (1, 'Dometic / RW50', 1, 1, '2016-04-13 20:09:25.052237', 1, '2016-04-13 20:31:24.569876', 'Dometic', 'RW50', 1);



INSERT INTO equipment_cold_chain_equipments (equipmentid, designationid, ccecode, pqscode, refrigeratorcapacity, freezercapacity, refrigerant, temperaturezone, maxtemperature, mintemperature, holdovertime, energyconsumption, dimension, price, pqsstatusid, donorid, createdby, createddate, modifiedby, modifieddate, capacity) VALUES (1, 2, NULL, NULL, NULL, NULL, NULL, '', 8, 2, NULL, NULL, NULL, 0.00, 1, NULL, 1, '2016-04-13 20:09:25.052237', 1, '2016-04-13 20:31:24.569876', 50.00);



INSERT INTO equipment_inventories (id, facilityid, programid, equipmentid, serialnumber, yearofinstallation, purchaseprice, sourceoffund, replacementrecommended, reasonforreplacement, nameofassessor, datelastassessed, createdby, createddate, modifiedby, modifieddate, isactive, datedecommissioned, primarydonorid, hasstabilizer) VALUES (1, 3, 1, 1, '123456-001', 2010, NULL, NULL, false, NULL, NULL, '2016-04-11', 2, '2016-04-13 20:12:46.910818', 2, '2016-04-13 20:32:38.97646', true, NULL, NULL, NULL);



INSERT INTO equipment_inventory_statuses (id, inventoryid, statusid, notfunctionalstatusid, createddate, createdby, modifiedby, modifieddate) VALUES (1, 1, 4, NULL, '2016-04-13 12:12:46.916785-07', 2, 2, '2016-04-13 12:12:46.916785-07');



SELECT pg_catalog.setval('equipment_inventory_statuses_id_seq', 1, true);



INSERT INTO equipment_type_programs (id, programid, equipmenttypeid, displayorder, enabletestcount, enabletotalcolumn, createdby, createddate, modifiedby, modifieddate) VALUES (1, 4, 1, 0, false, false, 1, '2016-04-13 20:07:45.038', 1, '2016-04-13 20:08:02.235');
INSERT INTO equipment_type_programs (id, programid, equipmenttypeid, displayorder, enabletestcount, enabletotalcolumn, createdby, createddate, modifiedby, modifieddate) VALUES (2, 2, 1, 0, false, false, 1, '2016-04-13 20:10:20.092', 1, '2016-04-13 20:10:20.092');
INSERT INTO equipment_type_programs (id, programid, equipmenttypeid, displayorder, enabletestcount, enabletotalcolumn, createdby, createddate, modifiedby, modifieddate) VALUES (3, 1, 1, 0, true, true, 1, '2016-04-13 20:10:39.317', 1, '2016-04-13 20:10:59.521');



SELECT pg_catalog.setval('equipments_id_seq', 1, true);



SELECT pg_catalog.setval('facilities_id_seq', 8, true);



INSERT INTO facility_approved_products (id, facilitytypeid, programproductid, maxmonthsofstock, minmonthsofstock, eop, createdby, createddate, modifiedby, modifieddate) VALUES (1, 1, 5, 3, NULL, NULL, 1, '2016-02-05 11:14:02.474', 1, '2016-02-05 11:14:02.465');
INSERT INTO facility_approved_products (id, facilitytypeid, programproductid, maxmonthsofstock, minmonthsofstock, eop, createdby, createddate, modifiedby, modifieddate) VALUES (2, 1, 6, 3, NULL, NULL, 1, '2016-02-05 11:14:02.474', 1, '2016-02-05 11:14:02.465');
INSERT INTO facility_approved_products (id, facilitytypeid, programproductid, maxmonthsofstock, minmonthsofstock, eop, createdby, createddate, modifiedby, modifieddate) VALUES (3, 1, 8, 3, NULL, NULL, 1, '2016-02-05 11:14:02.474', 1, '2016-02-05 11:14:02.465');
INSERT INTO facility_approved_products (id, facilitytypeid, programproductid, maxmonthsofstock, minmonthsofstock, eop, createdby, createddate, modifiedby, modifieddate) VALUES (4, 1, 9, 3, NULL, NULL, 1, '2016-02-05 11:14:02.474', 1, '2016-02-05 11:14:02.465');
INSERT INTO facility_approved_products (id, facilitytypeid, programproductid, maxmonthsofstock, minmonthsofstock, eop, createdby, createddate, modifiedby, modifieddate) VALUES (5, 1, 10, 3, NULL, NULL, 1, '2016-02-05 11:14:02.474', 1, '2016-02-05 11:14:02.465');
INSERT INTO facility_approved_products (id, facilitytypeid, programproductid, maxmonthsofstock, minmonthsofstock, eop, createdby, createddate, modifiedby, modifieddate) VALUES (12, 5, 5, 6, NULL, NULL, 1, '2016-02-05 11:14:02.474', 1, '2016-02-05 11:14:02.465');
INSERT INTO facility_approved_products (id, facilitytypeid, programproductid, maxmonthsofstock, minmonthsofstock, eop, createdby, createddate, modifiedby, modifieddate) VALUES (13, 5, 6, 6, NULL, NULL, 1, '2016-02-05 11:14:02.474', 1, '2016-02-05 11:14:02.465');
INSERT INTO facility_approved_products (id, facilitytypeid, programproductid, maxmonthsofstock, minmonthsofstock, eop, createdby, createddate, modifiedby, modifieddate) VALUES (14, 5, 8, 6, NULL, NULL, 1, '2016-02-05 11:14:02.474', 1, '2016-02-05 11:14:02.465');
INSERT INTO facility_approved_products (id, facilitytypeid, programproductid, maxmonthsofstock, minmonthsofstock, eop, createdby, createddate, modifiedby, modifieddate) VALUES (15, 5, 9, 6, NULL, NULL, 1, '2016-02-05 11:14:02.474', 1, '2016-02-05 11:14:02.465');
INSERT INTO facility_approved_products (id, facilitytypeid, programproductid, maxmonthsofstock, minmonthsofstock, eop, createdby, createddate, modifiedby, modifieddate) VALUES (16, 5, 10, 6, NULL, NULL, 1, '2016-02-05 11:14:02.474', 1, '2016-02-05 11:14:02.465');
INSERT INTO facility_approved_products (id, facilitytypeid, programproductid, maxmonthsofstock, minmonthsofstock, eop, createdby, createddate, modifiedby, modifieddate) VALUES (17, 5, 7, 6, NULL, NULL, 1, '2016-02-05 11:14:02.474', 1, '2016-02-05 11:14:02.465');
INSERT INTO facility_approved_products (id, facilitytypeid, programproductid, maxmonthsofstock, minmonthsofstock, eop, createdby, createddate, modifiedby, modifieddate) VALUES (18, 3, 11, 3, NULL, NULL, 1, '2016-02-05 11:14:02.474', 1, '2016-02-05 11:14:02.465');
INSERT INTO facility_approved_products (id, facilitytypeid, programproductid, maxmonthsofstock, minmonthsofstock, eop, createdby, createddate, modifiedby, modifieddate) VALUES (19, 3, 12, 3, NULL, NULL, 1, '2016-02-05 11:14:02.474', 1, '2016-02-05 11:14:02.465');
INSERT INTO facility_approved_products (id, facilitytypeid, programproductid, maxmonthsofstock, minmonthsofstock, eop, createdby, createddate, modifiedby, modifieddate) VALUES (20, 3, 13, 3, NULL, NULL, 1, '2016-02-05 11:14:02.474', 1, '2016-02-05 11:14:02.465');
INSERT INTO facility_approved_products (id, facilitytypeid, programproductid, maxmonthsofstock, minmonthsofstock, eop, createdby, createddate, modifiedby, modifieddate) VALUES (21, 3, 14, 3, NULL, NULL, 1, '2016-02-05 11:14:02.474', 1, '2016-02-05 11:14:02.465');
INSERT INTO facility_approved_products (id, facilitytypeid, programproductid, maxmonthsofstock, minmonthsofstock, eop, createdby, createddate, modifiedby, modifieddate) VALUES (22, 3, 15, 3, NULL, NULL, 1, '2016-02-05 11:14:02.474', 1, '2016-02-05 11:14:02.465');
INSERT INTO facility_approved_products (id, facilitytypeid, programproductid, maxmonthsofstock, minmonthsofstock, eop, createdby, createddate, modifiedby, modifieddate) VALUES (23, 4, 11, 3, NULL, NULL, 1, '2016-02-05 11:14:02.474', 1, '2016-02-05 11:14:02.465');
INSERT INTO facility_approved_products (id, facilitytypeid, programproductid, maxmonthsofstock, minmonthsofstock, eop, createdby, createddate, modifiedby, modifieddate) VALUES (24, 4, 12, 3, NULL, NULL, 1, '2016-02-05 11:14:02.474', 1, '2016-02-05 11:14:02.465');
INSERT INTO facility_approved_products (id, facilitytypeid, programproductid, maxmonthsofstock, minmonthsofstock, eop, createdby, createddate, modifiedby, modifieddate) VALUES (25, 4, 13, 3, NULL, NULL, 1, '2016-02-05 11:14:02.474', 1, '2016-02-05 11:14:02.465');
INSERT INTO facility_approved_products (id, facilitytypeid, programproductid, maxmonthsofstock, minmonthsofstock, eop, createdby, createddate, modifiedby, modifieddate) VALUES (26, 4, 15, 3, NULL, NULL, 1, '2016-02-05 11:14:02.474', 1, '2016-02-05 11:14:02.465');
INSERT INTO facility_approved_products (id, facilitytypeid, programproductid, maxmonthsofstock, minmonthsofstock, eop, createdby, createddate, modifiedby, modifieddate) VALUES (28, 2, 12, 3, NULL, NULL, 1, '2016-02-05 11:14:02.474', 1, '2016-02-05 11:14:02.465');
INSERT INTO facility_approved_products (id, facilitytypeid, programproductid, maxmonthsofstock, minmonthsofstock, eop, createdby, createddate, modifiedby, modifieddate) VALUES (29, 2, 13, 3, NULL, NULL, 1, '2016-02-05 11:14:02.474', 1, '2016-02-05 11:14:02.465');
INSERT INTO facility_approved_products (id, facilitytypeid, programproductid, maxmonthsofstock, minmonthsofstock, eop, createdby, createddate, modifiedby, modifieddate) VALUES (30, 2, 14, 3, NULL, NULL, 1, '2016-02-05 11:14:02.474', 1, '2016-02-05 11:14:02.465');
INSERT INTO facility_approved_products (id, facilitytypeid, programproductid, maxmonthsofstock, minmonthsofstock, eop, createdby, createddate, modifiedby, modifieddate) VALUES (31, 2, 15, 3, NULL, NULL, 1, '2016-02-05 11:14:02.474', 1, '2016-02-05 11:14:02.465');
INSERT INTO facility_approved_products (id, facilitytypeid, programproductid, maxmonthsofstock, minmonthsofstock, eop, createdby, createddate, modifiedby, modifieddate) VALUES (32, 1, 1, 3, NULL, NULL, 1, '2016-02-05 11:14:02.474', 1, '2016-02-05 11:14:02.465');
INSERT INTO facility_approved_products (id, facilitytypeid, programproductid, maxmonthsofstock, minmonthsofstock, eop, createdby, createddate, modifiedby, modifieddate) VALUES (33, 1, 2, 3, NULL, NULL, 1, '2016-02-05 11:14:02.474', 1, '2016-02-05 11:14:02.465');
INSERT INTO facility_approved_products (id, facilitytypeid, programproductid, maxmonthsofstock, minmonthsofstock, eop, createdby, createddate, modifiedby, modifieddate) VALUES (34, 1, 3, 3, NULL, NULL, 1, '2016-02-05 11:14:02.474', 1, '2016-02-05 11:14:02.465');
INSERT INTO facility_approved_products (id, facilitytypeid, programproductid, maxmonthsofstock, minmonthsofstock, eop, createdby, createddate, modifiedby, modifieddate) VALUES (35, 1, 4, 3, NULL, NULL, 1, '2016-02-05 11:14:02.474', 1, '2016-02-05 11:14:02.465');
INSERT INTO facility_approved_products (id, facilitytypeid, programproductid, maxmonthsofstock, minmonthsofstock, eop, createdby, createddate, modifiedby, modifieddate) VALUES (36, 2, 1, 3, NULL, NULL, 1, '2016-02-05 11:14:02.474', 1, '2016-02-05 11:14:02.465');
INSERT INTO facility_approved_products (id, facilitytypeid, programproductid, maxmonthsofstock, minmonthsofstock, eop, createdby, createddate, modifiedby, modifieddate) VALUES (39, 2, 4, 3, NULL, NULL, 1, '2016-02-05 11:14:02.474', 1, '2016-02-05 11:14:02.465');
INSERT INTO facility_approved_products (id, facilitytypeid, programproductid, maxmonthsofstock, minmonthsofstock, eop, createdby, createddate, modifiedby, modifieddate) VALUES (40, 4, 5, 3, NULL, NULL, 1, '2016-02-05 11:14:02.474', 1, '2016-02-05 11:14:02.465');
INSERT INTO facility_approved_products (id, facilitytypeid, programproductid, maxmonthsofstock, minmonthsofstock, eop, createdby, createddate, modifiedby, modifieddate) VALUES (41, 4, 6, 3, NULL, NULL, 1, '2016-02-05 11:14:02.474', 1, '2016-02-05 11:14:02.465');
INSERT INTO facility_approved_products (id, facilitytypeid, programproductid, maxmonthsofstock, minmonthsofstock, eop, createdby, createddate, modifiedby, modifieddate) VALUES (42, 4, 8, 3, NULL, NULL, 1, '2016-02-05 11:14:02.474', 1, '2016-02-05 11:14:02.465');
INSERT INTO facility_approved_products (id, facilitytypeid, programproductid, maxmonthsofstock, minmonthsofstock, eop, createdby, createddate, modifiedby, modifieddate) VALUES (43, 4, 9, 3, NULL, NULL, 1, '2016-02-05 11:14:02.474', 1, '2016-02-05 11:14:02.465');
INSERT INTO facility_approved_products (id, facilitytypeid, programproductid, maxmonthsofstock, minmonthsofstock, eop, createdby, createddate, modifiedby, modifieddate) VALUES (44, 4, 10, 3, NULL, NULL, 1, '2016-02-05 11:14:02.474', 1, '2016-02-05 11:14:02.465');
INSERT INTO facility_approved_products (id, facilitytypeid, programproductid, maxmonthsofstock, minmonthsofstock, eop, createdby, createddate, modifiedby, modifieddate) VALUES (45, 2, 30, 3, 1.00, NULL, 4, '2016-04-12 18:35:03.646542', 4, '2016-04-12 18:35:03.646542');
INSERT INTO facility_approved_products (id, facilitytypeid, programproductid, maxmonthsofstock, minmonthsofstock, eop, createdby, createddate, modifiedby, modifieddate) VALUES (46, 2, 28, 3, 1.00, NULL, 4, '2016-04-12 18:40:46.794522', 4, '2016-04-12 18:40:46.794522');
INSERT INTO facility_approved_products (id, facilitytypeid, programproductid, maxmonthsofstock, minmonthsofstock, eop, createdby, createddate, modifiedby, modifieddate) VALUES (47, 2, 31, 3, 1.00, NULL, 4, '2016-04-13 16:30:50.76278', 4, '2016-04-13 16:30:50.76278');
INSERT INTO facility_approved_products (id, facilitytypeid, programproductid, maxmonthsofstock, minmonthsofstock, eop, createdby, createddate, modifiedby, modifieddate) VALUES (48, 2, 32, 3, 1.00, NULL, 4, '2016-04-13 16:34:32.991833', 4, '2016-04-13 16:34:32.991833');
INSERT INTO facility_approved_products (id, facilitytypeid, programproductid, maxmonthsofstock, minmonthsofstock, eop, createdby, createddate, modifiedby, modifieddate) VALUES (49, 2, 33, 3, 1.00, NULL, 4, '2016-04-13 16:36:59.880753', 4, '2016-04-13 16:36:59.880753');
INSERT INTO facility_approved_products (id, facilitytypeid, programproductid, maxmonthsofstock, minmonthsofstock, eop, createdby, createddate, modifiedby, modifieddate) VALUES (50, 2, 34, 3, 1.00, NULL, 4, '2016-04-13 16:39:30.806078', 4, '2016-04-13 16:39:30.806078');
INSERT INTO facility_approved_products (id, facilitytypeid, programproductid, maxmonthsofstock, minmonthsofstock, eop, createdby, createddate, modifiedby, modifieddate) VALUES (51, 2, 35, 3, 1.00, NULL, 4, '2016-04-13 16:43:50.746179', 4, '2016-04-13 16:43:50.746179');
INSERT INTO facility_approved_products (id, facilitytypeid, programproductid, maxmonthsofstock, minmonthsofstock, eop, createdby, createddate, modifiedby, modifieddate) VALUES (52, 2, 36, 3, 1.00, NULL, 4, '2016-04-13 16:45:57.204598', 4, '2016-04-13 16:45:57.204598');
INSERT INTO facility_approved_products (id, facilitytypeid, programproductid, maxmonthsofstock, minmonthsofstock, eop, createdby, createddate, modifiedby, modifieddate) VALUES (53, 2, 37, 3, 1.00, NULL, 4, '2016-04-13 16:48:15.018261', 4, '2016-04-13 16:48:15.018261');
INSERT INTO facility_approved_products (id, facilitytypeid, programproductid, maxmonthsofstock, minmonthsofstock, eop, createdby, createddate, modifiedby, modifieddate) VALUES (54, 2, 38, 3, 1.00, NULL, 4, '2016-04-13 16:49:39.994357', 4, '2016-04-13 16:49:39.994357');
INSERT INTO facility_approved_products (id, facilitytypeid, programproductid, maxmonthsofstock, minmonthsofstock, eop, createdby, createddate, modifiedby, modifieddate) VALUES (55, 2, 29, 3, 1.00, NULL, 4, '2016-04-13 16:51:32.030116', 4, '2016-04-13 16:51:32.030116');
INSERT INTO facility_approved_products (id, facilitytypeid, programproductid, maxmonthsofstock, minmonthsofstock, eop, createdby, createddate, modifiedby, modifieddate) VALUES (56, 2, 39, 3, 1.00, NULL, 4, '2016-04-13 16:53:57.984782', 4, '2016-04-13 16:53:57.984782');
INSERT INTO facility_approved_products (id, facilitytypeid, programproductid, maxmonthsofstock, minmonthsofstock, eop, createdby, createddate, modifiedby, modifieddate) VALUES (90, 1, 43, 3, NULL, NULL, 4, '2016-04-15 22:02:56.677497', 4, '2016-04-15 22:02:56.673');
INSERT INTO facility_approved_products (id, facilitytypeid, programproductid, maxmonthsofstock, minmonthsofstock, eop, createdby, createddate, modifiedby, modifieddate) VALUES (91, 1, 44, 3, NULL, NULL, 4, '2016-04-15 22:02:56.677497', 4, '2016-04-15 22:02:56.673');
INSERT INTO facility_approved_products (id, facilitytypeid, programproductid, maxmonthsofstock, minmonthsofstock, eop, createdby, createddate, modifiedby, modifieddate) VALUES (92, 1, 45, 3, NULL, NULL, 4, '2016-04-15 22:02:56.677497', 4, '2016-04-15 22:02:56.673');
INSERT INTO facility_approved_products (id, facilitytypeid, programproductid, maxmonthsofstock, minmonthsofstock, eop, createdby, createddate, modifiedby, modifieddate) VALUES (61, 2, 40, 3, NULL, NULL, 4, '2016-04-15 20:28:49.896093', 4, '2016-04-15 22:02:56.673');
INSERT INTO facility_approved_products (id, facilitytypeid, programproductid, maxmonthsofstock, minmonthsofstock, eop, createdby, createddate, modifiedby, modifieddate) VALUES (62, 2, 41, 3, NULL, NULL, 4, '2016-04-15 20:28:49.901518', 4, '2016-04-15 22:02:56.673');
INSERT INTO facility_approved_products (id, facilitytypeid, programproductid, maxmonthsofstock, minmonthsofstock, eop, createdby, createddate, modifiedby, modifieddate) VALUES (60, 2, 42, 3, NULL, NULL, 4, '2016-04-15 20:28:32.828502', 4, '2016-04-15 22:02:56.673');
INSERT INTO facility_approved_products (id, facilitytypeid, programproductid, maxmonthsofstock, minmonthsofstock, eop, createdby, createddate, modifiedby, modifieddate) VALUES (87, 1, 40, 3, NULL, NULL, 4, '2016-04-15 22:02:56.677497', 4, '2016-04-15 22:02:56.673');
INSERT INTO facility_approved_products (id, facilitytypeid, programproductid, maxmonthsofstock, minmonthsofstock, eop, createdby, createddate, modifiedby, modifieddate) VALUES (88, 1, 41, 3, NULL, NULL, 4, '2016-04-15 22:02:56.677497', 4, '2016-04-15 22:02:56.673');
INSERT INTO facility_approved_products (id, facilitytypeid, programproductid, maxmonthsofstock, minmonthsofstock, eop, createdby, createddate, modifiedby, modifieddate) VALUES (89, 1, 42, 3, NULL, NULL, 4, '2016-04-15 22:02:56.677497', 4, '2016-04-15 22:02:56.673');
INSERT INTO facility_approved_products (id, facilitytypeid, programproductid, maxmonthsofstock, minmonthsofstock, eop, createdby, createddate, modifiedby, modifieddate) VALUES (57, 2, 43, 3, NULL, NULL, 4, '2016-04-15 20:28:00.383891', 4, '2016-04-15 22:02:56.673');
INSERT INTO facility_approved_products (id, facilitytypeid, programproductid, maxmonthsofstock, minmonthsofstock, eop, createdby, createddate, modifiedby, modifieddate) VALUES (58, 2, 44, 3, NULL, NULL, 4, '2016-04-15 20:28:23.232206', 4, '2016-04-15 22:02:56.673');
INSERT INTO facility_approved_products (id, facilitytypeid, programproductid, maxmonthsofstock, minmonthsofstock, eop, createdby, createddate, modifiedby, modifieddate) VALUES (59, 2, 45, 3, NULL, NULL, 4, '2016-04-15 20:28:23.246078', 4, '2016-04-15 22:02:56.673');
INSERT INTO facility_approved_products (id, facilitytypeid, programproductid, maxmonthsofstock, minmonthsofstock, eop, createdby, createddate, modifiedby, modifieddate) VALUES (93, 5, 40, 3, NULL, NULL, 4, '2016-04-15 22:02:56.677497', 4, '2016-04-15 22:02:56.673');
INSERT INTO facility_approved_products (id, facilitytypeid, programproductid, maxmonthsofstock, minmonthsofstock, eop, createdby, createddate, modifiedby, modifieddate) VALUES (94, 5, 41, 3, NULL, NULL, 4, '2016-04-15 22:02:56.677497', 4, '2016-04-15 22:02:56.673');
INSERT INTO facility_approved_products (id, facilitytypeid, programproductid, maxmonthsofstock, minmonthsofstock, eop, createdby, createddate, modifiedby, modifieddate) VALUES (95, 5, 42, 3, NULL, NULL, 4, '2016-04-15 22:02:56.677497', 4, '2016-04-15 22:02:56.673');
INSERT INTO facility_approved_products (id, facilitytypeid, programproductid, maxmonthsofstock, minmonthsofstock, eop, createdby, createddate, modifiedby, modifieddate) VALUES (96, 5, 43, 3, NULL, NULL, 4, '2016-04-15 22:02:56.677497', 4, '2016-04-15 22:02:56.673');
INSERT INTO facility_approved_products (id, facilitytypeid, programproductid, maxmonthsofstock, minmonthsofstock, eop, createdby, createddate, modifiedby, modifieddate) VALUES (97, 5, 44, 3, NULL, NULL, 4, '2016-04-15 22:02:56.677497', 4, '2016-04-15 22:02:56.673');
INSERT INTO facility_approved_products (id, facilitytypeid, programproductid, maxmonthsofstock, minmonthsofstock, eop, createdby, createddate, modifiedby, modifieddate) VALUES (98, 5, 45, 3, NULL, NULL, 4, '2016-04-15 22:02:56.677497', 4, '2016-04-15 22:02:56.673');
INSERT INTO facility_approved_products (id, facilitytypeid, programproductid, maxmonthsofstock, minmonthsofstock, eop, createdby, createddate, modifiedby, modifieddate) VALUES (99, 3, 40, 3, NULL, NULL, 4, '2016-04-15 22:02:56.677497', 4, '2016-04-15 22:02:56.673');
INSERT INTO facility_approved_products (id, facilitytypeid, programproductid, maxmonthsofstock, minmonthsofstock, eop, createdby, createddate, modifiedby, modifieddate) VALUES (100, 3, 41, 3, NULL, NULL, 4, '2016-04-15 22:02:56.677497', 4, '2016-04-15 22:02:56.673');
INSERT INTO facility_approved_products (id, facilitytypeid, programproductid, maxmonthsofstock, minmonthsofstock, eop, createdby, createddate, modifiedby, modifieddate) VALUES (101, 3, 42, 3, NULL, NULL, 4, '2016-04-15 22:02:56.677497', 4, '2016-04-15 22:02:56.673');
INSERT INTO facility_approved_products (id, facilitytypeid, programproductid, maxmonthsofstock, minmonthsofstock, eop, createdby, createddate, modifiedby, modifieddate) VALUES (102, 3, 43, 3, NULL, NULL, 4, '2016-04-15 22:02:56.677497', 4, '2016-04-15 22:02:56.673');
INSERT INTO facility_approved_products (id, facilitytypeid, programproductid, maxmonthsofstock, minmonthsofstock, eop, createdby, createddate, modifiedby, modifieddate) VALUES (103, 3, 44, 3, NULL, NULL, 4, '2016-04-15 22:02:56.677497', 4, '2016-04-15 22:02:56.673');
INSERT INTO facility_approved_products (id, facilitytypeid, programproductid, maxmonthsofstock, minmonthsofstock, eop, createdby, createddate, modifiedby, modifieddate) VALUES (104, 3, 45, 3, NULL, NULL, 4, '2016-04-15 22:02:56.677497', 4, '2016-04-15 22:02:56.673');
INSERT INTO facility_approved_products (id, facilitytypeid, programproductid, maxmonthsofstock, minmonthsofstock, eop, createdby, createddate, modifiedby, modifieddate) VALUES (105, 4, 40, 3, NULL, NULL, 4, '2016-04-15 22:02:56.677497', 4, '2016-04-15 22:02:56.673');
INSERT INTO facility_approved_products (id, facilitytypeid, programproductid, maxmonthsofstock, minmonthsofstock, eop, createdby, createddate, modifiedby, modifieddate) VALUES (106, 4, 41, 3, NULL, NULL, 4, '2016-04-15 22:02:56.677497', 4, '2016-04-15 22:02:56.673');
INSERT INTO facility_approved_products (id, facilitytypeid, programproductid, maxmonthsofstock, minmonthsofstock, eop, createdby, createddate, modifiedby, modifieddate) VALUES (107, 4, 42, 3, NULL, NULL, 4, '2016-04-15 22:02:56.677497', 4, '2016-04-15 22:02:56.673');
INSERT INTO facility_approved_products (id, facilitytypeid, programproductid, maxmonthsofstock, minmonthsofstock, eop, createdby, createddate, modifiedby, modifieddate) VALUES (108, 4, 43, 3, NULL, NULL, 4, '2016-04-15 22:02:56.677497', 4, '2016-04-15 22:02:56.673');
INSERT INTO facility_approved_products (id, facilitytypeid, programproductid, maxmonthsofstock, minmonthsofstock, eop, createdby, createddate, modifiedby, modifieddate) VALUES (109, 4, 44, 3, NULL, NULL, 4, '2016-04-15 22:02:56.677497', 4, '2016-04-15 22:02:56.673');
INSERT INTO facility_approved_products (id, facilitytypeid, programproductid, maxmonthsofstock, minmonthsofstock, eop, createdby, createddate, modifiedby, modifieddate) VALUES (110, 4, 45, 3, NULL, NULL, 4, '2016-04-15 22:02:56.677497', 4, '2016-04-15 22:02:56.673');



SELECT pg_catalog.setval('facility_approved_products_id_seq', 110, true);



SELECT pg_catalog.setval('facility_operators_id_seq', 1, true);



SELECT pg_catalog.setval('facility_program_equipments_id_seq', 1, true);



SELECT pg_catalog.setval('facility_types_id_seq', 6, true);



SELECT pg_catalog.setval('facility_visits_id_seq', 3, true);



INSERT INTO fulfillment_role_assignments (userid, roleid, facilityid, createdby, createddate, modifiedby, modifieddate) VALUES (2, 6, 8, NULL, '2016-02-05 11:22:43.647', NULL, '2016-02-05 11:22:43.647');
INSERT INTO fulfillment_role_assignments (userid, roleid, facilityid, createdby, createddate, modifiedby, modifieddate) VALUES (4, 6, 8, 4, '2016-04-16 04:54:14.758418', 4, '2016-04-16 04:54:14.758418');



SELECT pg_catalog.setval('geographic_levels_id_seq', 3, true);



SELECT pg_catalog.setval('geographic_zones_id_seq', 10, true);



SELECT pg_catalog.setval('opened_vial_line_items_id_seq', 21, true);



INSERT INTO supply_lines (id, description, supervisorynodeid, programid, supplyingfacilityid, exportorders, createdby, createddate, modifiedby, modifieddate, parentid) VALUES (1, NULL, 1, 2, 8, true, 1, '2016-02-05 11:14:18.127', 1, '2016-02-05 11:14:18.119', NULL);
INSERT INTO supply_lines (id, description, supervisorynodeid, programid, supplyingfacilityid, exportorders, createdby, createddate, modifiedby, modifieddate, parentid) VALUES (2, NULL, 1, 1, 8, true, 1, '2016-02-05 11:14:18.127', 1, '2016-02-05 11:14:18.119', NULL);
INSERT INTO supply_lines (id, description, supervisorynodeid, programid, supplyingfacilityid, exportorders, createdby, createddate, modifiedby, modifieddate, parentid) VALUES (3, NULL, 1, 3, 8, true, 1, '2016-02-05 11:14:18.127', 1, '2016-02-05 11:14:18.119', NULL);
INSERT INTO supply_lines (id, description, supervisorynodeid, programid, supplyingfacilityid, exportorders, createdby, createddate, modifiedby, modifieddate, parentid) VALUES (4, NULL, 3, 1, 8, true, 1, '2016-02-05 11:14:18.127', 1, '2016-02-05 11:14:18.119', NULL);
INSERT INTO supply_lines (id, description, supervisorynodeid, programid, supplyingfacilityid, exportorders, createdby, createddate, modifiedby, modifieddate, parentid) VALUES (5, NULL, 3, 3, 8, true, 1, '2016-02-05 11:14:18.127', 1, '2016-02-05 11:14:18.119', NULL);
INSERT INTO supply_lines (id, description, supervisorynodeid, programid, supplyingfacilityid, exportorders, createdby, createddate, modifiedby, modifieddate, parentid) VALUES (6, NULL, 3, 2, 8, true, 1, '2016-02-05 11:14:18.127', 1, '2016-02-05 11:14:18.119', NULL);



INSERT INTO orders (id, shipmentid, status, ftpcomment, supplylineid, createdby, createddate, modifiedby, modifieddate, ordernumber) VALUES (13, NULL, 'TRANSFER_FAILED', 'order.ftpComment.ftpcredential.missing', 4, 2, '2016-04-13 00:36:02.253804', 2, '2016-04-13 00:36:03.218356', 'Oart00000013R');



INSERT INTO pod (id, orderid, receiveddate, createdby, createddate, modifiedby, modifieddate, facilityid, programid, periodid, deliveredby, receivedby, ordernumber) VALUES (1, 13, NULL, 2, '2016-04-13 00:51:38.210846', 2, '2016-04-13 00:51:38.210846', 3, 1, 5, NULL, NULL, 'Oart00000013R');



SELECT pg_catalog.setval('pod_id_seq', 1, true);



INSERT INTO pod_line_items (id, podid, productcode, quantityreceived, createdby, createddate, modifiedby, modifieddate, productname, dispensingunit, packstoship, quantityshipped, notes, fullsupply, productcategory, productcategorydisplayorder, productdisplayorder, quantityreturned, replacedproductcode) VALUES (1, 1, 'P10048', NULL, 2, '2016-04-13 00:51:38.210846', 2, '2016-04-13 00:51:38.210846', '3TC/AZT + NVP tablet 300/300/600 mg', '60 tab bottle', 1, NULL, NULL, true, 'Anti-retrovirals', 2, 1, NULL, NULL);
INSERT INTO pod_line_items (id, podid, productcode, quantityreceived, createdby, createddate, modifiedby, modifieddate, productname, dispensingunit, packstoship, quantityshipped, notes, fullsupply, productcategory, productcategorydisplayorder, productdisplayorder, quantityreturned, replacedproductcode) VALUES (2, 1, 'KM3375-2', NULL, 2, '2016-04-13 00:51:38.210846', 2, '2016-04-13 00:51:38.210846', 'Malaria Rapid Diagnostic Test card 1 each', 'each', 1, NULL, NULL, true, 'Test Kits', 6, 4, NULL, NULL);



SELECT pg_catalog.setval('pod_line_items_id_seq', 2, true);



SELECT pg_catalog.setval('processing_periods_id_seq', 18, true);



SELECT pg_catalog.setval('processing_schedules_id_seq', 2, true);



SELECT pg_catalog.setval('product_categories_id_seq', 14, true);



SELECT pg_catalog.setval('product_forms_id_seq', 11, true);



SELECT pg_catalog.setval('product_groups_id_seq', 7, true);



SELECT pg_catalog.setval('products_id_seq', 40, true);



SELECT pg_catalog.setval('program_equipments_id_seq', 3, true);



INSERT INTO program_product_price_history (id, programproductid, price, priceperdosage, source, startdate, enddate, createdby, createddate, modifiedby, modifieddate) VALUES (1, 1, 61.30, 0.12, NULL, '2016-02-05 11:13:11.977', NULL, 1, '2016-02-05 11:13:11.977', 1, '2016-02-05 11:13:11.972');
INSERT INTO program_product_price_history (id, programproductid, price, priceperdosage, source, startdate, enddate, createdby, createddate, modifiedby, modifieddate) VALUES (2, 2, 29.26, 0.49, NULL, '2016-02-05 11:13:11.977', NULL, 1, '2016-02-05 11:13:11.977', 1, '2016-02-05 11:13:11.972');
INSERT INTO program_product_price_history (id, programproductid, price, priceperdosage, source, startdate, enddate, createdby, createddate, modifiedby, modifieddate) VALUES (3, 3, 3.75, 0.04, NULL, '2016-02-05 11:13:11.977', NULL, 1, '2016-02-05 11:13:11.977', 1, '2016-02-05 11:13:11.972');
INSERT INTO program_product_price_history (id, programproductid, price, priceperdosage, source, startdate, enddate, createdby, createddate, modifiedby, modifieddate) VALUES (4, 4, 16.40, 0.08, NULL, '2016-02-05 11:13:11.977', NULL, 1, '2016-02-05 11:13:11.977', 1, '2016-02-05 11:13:11.972');



SELECT pg_catalog.setval('program_product_price_history_id_seq', 4, true);



SELECT pg_catalog.setval('program_products_id_seq', 45, true);



INSERT INTO program_rnr_columns (id, mastercolumnid, programid, label, visible, "position", source, formulavalidationrequired, createdby, createddate, modifiedby, modifieddate, rnroptionid, calculationoption) VALUES (51, 1, 3, 'Skip', true, 1, 'U', true, 4, '2016-03-03 11:45:09.836', 4, '2016-04-13 19:53:15.529963', NULL, 'DEFAULT');
INSERT INTO program_rnr_columns (id, mastercolumnid, programid, label, visible, "position", source, formulavalidationrequired, createdby, createddate, modifiedby, modifieddate, rnroptionid, calculationoption) VALUES (52, 2, 3, 'Product Code', true, 2, 'R', true, 4, '2016-03-03 11:45:09.836', 4, '2016-04-13 19:53:15.529963', NULL, 'DEFAULT');
INSERT INTO program_rnr_columns (id, mastercolumnid, programid, label, visible, "position", source, formulavalidationrequired, createdby, createddate, modifiedby, modifieddate, rnroptionid, calculationoption) VALUES (53, 3, 3, 'Product', true, 3, 'R', true, 4, '2016-03-03 11:45:09.836', 4, '2016-04-13 19:53:15.529963', NULL, 'DEFAULT');
INSERT INTO program_rnr_columns (id, mastercolumnid, programid, label, visible, "position", source, formulavalidationrequired, createdby, createddate, modifiedby, modifieddate, rnroptionid, calculationoption) VALUES (55, 6, 3, 'Total Received Quantity', true, 5, 'U', true, 4, '2016-03-03 11:45:09.836', 4, '2016-04-13 19:53:15.529963', NULL, 'DEFAULT');
INSERT INTO program_rnr_columns (id, mastercolumnid, programid, label, visible, "position", source, formulavalidationrequired, createdby, createddate, modifiedby, modifieddate, rnroptionid, calculationoption) VALUES (57, 8, 3, 'Total Consumed Quantity', true, 6, 'C', true, 4, '2016-03-03 11:45:09.836', 4, '2016-04-13 19:53:15.529963', NULL, 'DEFAULT');
INSERT INTO program_rnr_columns (id, mastercolumnid, programid, label, visible, "position", source, formulavalidationrequired, createdby, createddate, modifiedby, modifieddate, rnroptionid, calculationoption) VALUES (58, 9, 3, 'Total Losses / Adjustments', true, 7, 'U', true, 4, '2016-03-03 11:45:09.836', 4, '2016-04-13 19:53:15.529963', NULL, 'DEFAULT');
INSERT INTO program_rnr_columns (id, mastercolumnid, programid, label, visible, "position", source, formulavalidationrequired, createdby, createddate, modifiedby, modifieddate, rnroptionid, calculationoption) VALUES (59, 10, 3, 'Stock on Hand', true, 8, 'U', true, 4, '2016-03-03 11:45:09.836', 4, '2016-04-13 19:53:15.529963', NULL, 'DEFAULT');
INSERT INTO program_rnr_columns (id, mastercolumnid, programid, label, visible, "position", source, formulavalidationrequired, createdby, createddate, modifiedby, modifieddate, rnroptionid, calculationoption) VALUES (54, 4, 3, 'Unit/Unit of Issue', false, 15, 'R', true, 4, '2016-03-03 11:45:09.836', 4, '2016-04-13 19:53:15.529963', NULL, 'DEFAULT');
INSERT INTO program_rnr_columns (id, mastercolumnid, programid, label, visible, "position", source, formulavalidationrequired, createdby, createddate, modifiedby, modifieddate, rnroptionid, calculationoption) VALUES (56, 7, 3, 'Total', false, 16, 'C', true, 4, '2016-03-03 11:45:09.836', 4, '2016-04-13 19:53:15.529963', NULL, 'DEFAULT');
INSERT INTO program_rnr_columns (id, mastercolumnid, programid, label, visible, "position", source, formulavalidationrequired, createdby, createddate, modifiedby, modifieddate, rnroptionid, calculationoption) VALUES (60, 11, 3, 'Total number of new patients added to service on the program', false, 17, 'U', true, 4, '2016-03-03 11:45:09.836', 4, '2016-04-13 19:53:15.529963', 1, 'DEFAULT');
INSERT INTO program_rnr_columns (id, mastercolumnid, programid, label, visible, "position", source, formulavalidationrequired, createdby, createddate, modifiedby, modifieddate, rnroptionid, calculationoption) VALUES (26, 1, 2, 'Skip', true, 1, 'U', true, 4, '2016-03-03 11:45:06.71', 4, '2016-04-13 19:52:37.454621', NULL, 'DEFAULT');
INSERT INTO program_rnr_columns (id, mastercolumnid, programid, label, visible, "position", source, formulavalidationrequired, createdby, createddate, modifiedby, modifieddate, rnroptionid, calculationoption) VALUES (27, 2, 2, 'Product Code', true, 2, 'R', true, 4, '2016-03-03 11:45:06.71', 4, '2016-04-13 19:52:37.454621', NULL, 'DEFAULT');
INSERT INTO program_rnr_columns (id, mastercolumnid, programid, label, visible, "position", source, formulavalidationrequired, createdby, createddate, modifiedby, modifieddate, rnroptionid, calculationoption) VALUES (28, 3, 2, 'Product', true, 3, 'R', true, 4, '2016-03-03 11:45:06.71', 4, '2016-04-13 19:52:37.454621', NULL, 'DEFAULT');
INSERT INTO program_rnr_columns (id, mastercolumnid, programid, label, visible, "position", source, formulavalidationrequired, createdby, createddate, modifiedby, modifieddate, rnroptionid, calculationoption) VALUES (48, 5, 2, 'Beginning Balance', true, 4, 'U', true, 4, '2016-03-03 11:45:06.71', 4, '2016-04-13 19:52:37.454621', NULL, '[{"name":"Default", "id":"DEFAULT"},{"name":"Allow users to override beginning balance","id":"ALLOW_USER_OVERRIDE"}]');
INSERT INTO program_rnr_columns (id, mastercolumnid, programid, label, visible, "position", source, formulavalidationrequired, createdby, createddate, modifiedby, modifieddate, rnroptionid, calculationoption) VALUES (30, 6, 2, 'Total Received Quantity', true, 5, 'U', true, 4, '2016-03-03 11:45:06.71', 4, '2016-04-13 19:52:37.454621', NULL, 'DEFAULT');
INSERT INTO program_rnr_columns (id, mastercolumnid, programid, label, visible, "position", source, formulavalidationrequired, createdby, createddate, modifiedby, modifieddate, rnroptionid, calculationoption) VALUES (32, 8, 2, 'Total Consumed Quantity', true, 6, 'C', true, 4, '2016-03-03 11:45:06.71', 4, '2016-04-13 19:52:37.454621', NULL, 'DEFAULT');
INSERT INTO program_rnr_columns (id, mastercolumnid, programid, label, visible, "position", source, formulavalidationrequired, createdby, createddate, modifiedby, modifieddate, rnroptionid, calculationoption) VALUES (33, 9, 2, 'Total Losses / Adjustments', true, 7, 'U', true, 4, '2016-03-03 11:45:06.71', 4, '2016-04-13 19:52:37.454621', NULL, 'DEFAULT');
INSERT INTO program_rnr_columns (id, mastercolumnid, programid, label, visible, "position", source, formulavalidationrequired, createdby, createddate, modifiedby, modifieddate, rnroptionid, calculationoption) VALUES (36, 12, 2, 'Total Stockout Days', true, 8, 'U', true, 4, '2016-03-03 11:45:06.71', 4, '2016-04-13 19:52:37.454621', NULL, 'DEFAULT');
INSERT INTO program_rnr_columns (id, mastercolumnid, programid, label, visible, "position", source, formulavalidationrequired, createdby, createddate, modifiedby, modifieddate, rnroptionid, calculationoption) VALUES (34, 10, 2, 'Stock on Hand', true, 9, 'U', true, 4, '2016-03-03 11:45:06.71', 4, '2016-04-13 19:52:37.454621', NULL, 'DEFAULT');
INSERT INTO program_rnr_columns (id, mastercolumnid, programid, label, visible, "position", source, formulavalidationrequired, createdby, createddate, modifiedby, modifieddate, rnroptionid, calculationoption) VALUES (38, 16, 2, 'Calculated Order Quantity', true, 10, 'C', true, 4, '2016-03-03 11:45:06.71', 4, '2016-04-13 19:52:37.454621', NULL, 'DEFAULT');
INSERT INTO program_rnr_columns (id, mastercolumnid, programid, label, visible, "position", source, formulavalidationrequired, createdby, createddate, modifiedby, modifieddate, rnroptionid, calculationoption) VALUES (39, 17, 2, 'Requested Quantity', true, 11, 'U', true, 4, '2016-03-03 11:45:06.71', 4, '2016-04-13 19:52:37.454621', NULL, 'DEFAULT');
INSERT INTO program_rnr_columns (id, mastercolumnid, programid, label, visible, "position", source, formulavalidationrequired, createdby, createddate, modifiedby, modifieddate, rnroptionid, calculationoption) VALUES (40, 18, 2, 'Requested Quantity Explanation', true, 12, 'U', true, 4, '2016-03-03 11:45:06.71', 4, '2016-04-13 19:52:37.454621', NULL, 'DEFAULT');
INSERT INTO program_rnr_columns (id, mastercolumnid, programid, label, visible, "position", source, formulavalidationrequired, createdby, createddate, modifiedby, modifieddate, rnroptionid, calculationoption) VALUES (49, 19, 2, 'Approved Quantity', true, 13, 'U', true, 4, '2016-03-03 11:45:06.71', 4, '2016-04-13 19:52:37.454621', NULL, '[{"name":"Default", "id":"DEFAULT"},{"name":"Accept in Packs","id":"ACCEPT_PACKS"}]');
INSERT INTO program_rnr_columns (id, mastercolumnid, programid, label, visible, "position", source, formulavalidationrequired, createdby, createddate, modifiedby, modifieddate, rnroptionid, calculationoption) VALUES (45, 24, 2, 'Remarks', true, 14, 'U', true, 4, '2016-03-03 11:45:06.71', 4, '2016-04-13 19:52:37.454621', NULL, 'DEFAULT');
INSERT INTO program_rnr_columns (id, mastercolumnid, programid, label, visible, "position", source, formulavalidationrequired, createdby, createddate, modifiedby, modifieddate, rnroptionid, calculationoption) VALUES (29, 4, 2, 'Unit/Unit of Issue', false, 15, 'R', true, 4, '2016-03-03 11:45:06.71', 4, '2016-04-13 19:52:37.454621', NULL, 'DEFAULT');
INSERT INTO program_rnr_columns (id, mastercolumnid, programid, label, visible, "position", source, formulavalidationrequired, createdby, createddate, modifiedby, modifieddate, rnroptionid, calculationoption) VALUES (31, 7, 2, 'Total', false, 16, 'C', true, 4, '2016-03-03 11:45:06.71', 4, '2016-04-13 19:52:37.454621', NULL, 'DEFAULT');
INSERT INTO program_rnr_columns (id, mastercolumnid, programid, label, visible, "position", source, formulavalidationrequired, createdby, createddate, modifiedby, modifieddate, rnroptionid, calculationoption) VALUES (35, 11, 2, 'Total number of new patients added to service on the program', false, 17, 'U', true, 4, '2016-03-03 11:45:06.71', 4, '2016-04-13 19:52:37.454621', 1, 'DEFAULT');
INSERT INTO program_rnr_columns (id, mastercolumnid, programid, label, visible, "position", source, formulavalidationrequired, createdby, createddate, modifiedby, modifieddate, rnroptionid, calculationoption) VALUES (37, 14, 2, 'Average Monthly Consumption(AMC)', false, 18, 'C', true, 4, '2016-03-03 11:45:06.71', 4, '2016-04-13 19:52:37.454621', NULL, 'DEFAULT');
INSERT INTO program_rnr_columns (id, mastercolumnid, programid, label, visible, "position", source, formulavalidationrequired, createdby, createddate, modifiedby, modifieddate, rnroptionid, calculationoption) VALUES (41, 20, 2, 'Packs to Ship', false, 19, 'C', true, 4, '2016-03-03 11:45:06.71', 4, '2016-04-13 19:52:37.454621', NULL, 'DEFAULT');
INSERT INTO program_rnr_columns (id, mastercolumnid, programid, label, visible, "position", source, formulavalidationrequired, createdby, createddate, modifiedby, modifieddate, rnroptionid, calculationoption) VALUES (42, 21, 2, 'Price per Pack', false, 20, 'R', true, 4, '2016-03-03 11:45:06.71', 4, '2016-04-13 19:52:37.454621', NULL, 'DEFAULT');
INSERT INTO program_rnr_columns (id, mastercolumnid, programid, label, visible, "position", source, formulavalidationrequired, createdby, createddate, modifiedby, modifieddate, rnroptionid, calculationoption) VALUES (43, 22, 2, 'Total Cost', false, 21, 'C', true, 4, '2016-03-03 11:45:06.71', 4, '2016-04-13 19:52:37.454621', NULL, 'DEFAULT');
INSERT INTO program_rnr_columns (id, mastercolumnid, programid, label, visible, "position", source, formulavalidationrequired, createdby, createddate, modifiedby, modifieddate, rnroptionid, calculationoption) VALUES (44, 23, 2, 'Expiration Date', false, 22, 'U', true, 4, '2016-03-03 11:45:06.71', 4, '2016-04-13 19:52:37.454621', NULL, 'DEFAULT');
INSERT INTO program_rnr_columns (id, mastercolumnid, programid, label, visible, "position", source, formulavalidationrequired, createdby, createddate, modifiedby, modifieddate, rnroptionid, calculationoption) VALUES (46, 25, 2, 'Period Normalized Consumption', false, 23, 'C', true, 4, '2016-03-03 11:45:06.71', 4, '2016-04-13 19:52:37.454621', NULL, 'DEFAULT');
INSERT INTO program_rnr_columns (id, mastercolumnid, programid, label, visible, "position", source, formulavalidationrequired, createdby, createddate, modifiedby, modifieddate, rnroptionid, calculationoption) VALUES (47, 15, 2, 'Maximum Stock Quantity', false, 24, 'C', true, 4, '2016-03-03 11:45:06.71', 4, '2016-04-13 19:52:37.454621', NULL, '[{"name":"Default", "id":"DEFAULT"},{"name":"Normalized Consumption x 2","id":"CONSUMPTION_X_2"},{"name":"Dispensed Quantity x 2","id":"DISPENSED_X_2"}]');
INSERT INTO program_rnr_columns (id, mastercolumnid, programid, label, visible, "position", source, formulavalidationrequired, createdby, createddate, modifiedby, modifieddate, rnroptionid, calculationoption) VALUES (76, 1, 5, 'Skip', true, 1, 'U', true, 4, '2016-04-16 04:36:36.215187', 4, '2016-04-16 04:39:26.605977', NULL, 'DEFAULT');
INSERT INTO program_rnr_columns (id, mastercolumnid, programid, label, visible, "position", source, formulavalidationrequired, createdby, createddate, modifiedby, modifieddate, rnroptionid, calculationoption) VALUES (77, 2, 5, 'Product Code', true, 2, 'R', true, 4, '2016-04-16 04:36:36.215187', 4, '2016-04-16 04:39:26.605977', NULL, 'DEFAULT');
INSERT INTO program_rnr_columns (id, mastercolumnid, programid, label, visible, "position", source, formulavalidationrequired, createdby, createddate, modifiedby, modifieddate, rnroptionid, calculationoption) VALUES (78, 3, 5, 'Product', true, 3, 'R', true, 4, '2016-04-16 04:36:36.215187', 4, '2016-04-16 04:39:26.605977', NULL, 'DEFAULT');
INSERT INTO program_rnr_columns (id, mastercolumnid, programid, label, visible, "position", source, formulavalidationrequired, createdby, createddate, modifiedby, modifieddate, rnroptionid, calculationoption) VALUES (79, 5, 5, 'Beginning Balance', true, 4, 'U', true, 4, '2016-04-16 04:36:36.215187', 4, '2016-04-16 04:39:26.605977', NULL, '[{"name":"Default", "id":"DEFAULT"},{"name":"Allow users to override beginning balance","id":"ALLOW_USER_OVERRIDE"}]');
INSERT INTO program_rnr_columns (id, mastercolumnid, programid, label, visible, "position", source, formulavalidationrequired, createdby, createddate, modifiedby, modifieddate, rnroptionid, calculationoption) VALUES (80, 6, 5, 'Total Received Quantity', true, 5, 'U', true, 4, '2016-04-16 04:36:36.215187', 4, '2016-04-16 04:39:26.605977', NULL, 'DEFAULT');
INSERT INTO program_rnr_columns (id, mastercolumnid, programid, label, visible, "position", source, formulavalidationrequired, createdby, createddate, modifiedby, modifieddate, rnroptionid, calculationoption) VALUES (81, 8, 5, 'Total Consumed Quantity', true, 6, 'U', true, 4, '2016-04-16 04:36:36.215187', 4, '2016-04-16 04:39:26.605977', NULL, 'DEFAULT');
INSERT INTO program_rnr_columns (id, mastercolumnid, programid, label, visible, "position", source, formulavalidationrequired, createdby, createddate, modifiedby, modifieddate, rnroptionid, calculationoption) VALUES (82, 9, 5, 'Total Losses / Adjustments', true, 7, 'U', true, 4, '2016-04-16 04:36:36.215187', 4, '2016-04-16 04:39:26.605977', NULL, 'DEFAULT');
INSERT INTO program_rnr_columns (id, mastercolumnid, programid, label, visible, "position", source, formulavalidationrequired, createdby, createddate, modifiedby, modifieddate, rnroptionid, calculationoption) VALUES (83, 12, 5, 'Total Stockout Days', true, 8, 'U', true, 4, '2016-04-16 04:36:36.215187', 4, '2016-04-16 04:39:26.605977', NULL, 'DEFAULT');
INSERT INTO program_rnr_columns (id, mastercolumnid, programid, label, visible, "position", source, formulavalidationrequired, createdby, createddate, modifiedby, modifieddate, rnroptionid, calculationoption) VALUES (84, 10, 5, 'Stock on Hand', true, 9, 'C', true, 4, '2016-04-16 04:36:36.215187', 4, '2016-04-16 04:39:26.605977', NULL, 'DEFAULT');
INSERT INTO program_rnr_columns (id, mastercolumnid, programid, label, visible, "position", source, formulavalidationrequired, createdby, createddate, modifiedby, modifieddate, rnroptionid, calculationoption) VALUES (73, 5, 3, 'Beginning Balance', true, 4, 'U', true, 4, '2016-03-03 11:45:09.836', 4, '2016-04-13 19:53:15.529963', NULL, '[{"name":"Default", "id":"DEFAULT"},{"name":"Allow users to override beginning balance","id":"ALLOW_USER_OVERRIDE"}]');
INSERT INTO program_rnr_columns (id, mastercolumnid, programid, label, visible, "position", source, formulavalidationrequired, createdby, createddate, modifiedby, modifieddate, rnroptionid, calculationoption) VALUES (62, 14, 3, 'Average Monthly Consumption(AMC)', true, 9, 'C', true, 4, '2016-03-03 11:45:09.836', 4, '2016-04-13 19:53:15.529963', NULL, 'DEFAULT');
INSERT INTO program_rnr_columns (id, mastercolumnid, programid, label, visible, "position", source, formulavalidationrequired, createdby, createddate, modifiedby, modifieddate, rnroptionid, calculationoption) VALUES (63, 16, 3, 'Calculated Order Quantity', true, 10, 'C', true, 4, '2016-03-03 11:45:09.836', 4, '2016-04-13 19:53:15.529963', NULL, 'DEFAULT');
INSERT INTO program_rnr_columns (id, mastercolumnid, programid, label, visible, "position", source, formulavalidationrequired, createdby, createddate, modifiedby, modifieddate, rnroptionid, calculationoption) VALUES (64, 17, 3, 'Requested Quantity', true, 11, 'U', true, 4, '2016-03-03 11:45:09.836', 4, '2016-04-13 19:53:15.529963', NULL, 'DEFAULT');
INSERT INTO program_rnr_columns (id, mastercolumnid, programid, label, visible, "position", source, formulavalidationrequired, createdby, createddate, modifiedby, modifieddate, rnroptionid, calculationoption) VALUES (65, 18, 3, 'Requested Quantity Explanation', true, 12, 'U', true, 4, '2016-03-03 11:45:09.836', 4, '2016-04-13 19:53:15.529963', NULL, 'DEFAULT');
INSERT INTO program_rnr_columns (id, mastercolumnid, programid, label, visible, "position", source, formulavalidationrequired, createdby, createddate, modifiedby, modifieddate, rnroptionid, calculationoption) VALUES (74, 19, 3, 'Approved Quantity', true, 13, 'U', true, 4, '2016-03-03 11:45:09.836', 4, '2016-04-13 19:53:15.529963', NULL, '[{"name":"Default", "id":"DEFAULT"},{"name":"Accept in Packs","id":"ACCEPT_PACKS"}]');
INSERT INTO program_rnr_columns (id, mastercolumnid, programid, label, visible, "position", source, formulavalidationrequired, createdby, createddate, modifiedby, modifieddate, rnroptionid, calculationoption) VALUES (70, 24, 3, 'Remarks', true, 14, 'U', true, 4, '2016-03-03 11:45:09.836', 4, '2016-04-13 19:53:15.529963', NULL, 'DEFAULT');
INSERT INTO program_rnr_columns (id, mastercolumnid, programid, label, visible, "position", source, formulavalidationrequired, createdby, createddate, modifiedby, modifieddate, rnroptionid, calculationoption) VALUES (61, 12, 3, 'Total Stockout Days', false, 18, 'U', true, 4, '2016-03-03 11:45:09.836', 4, '2016-04-13 19:53:15.529963', NULL, 'DEFAULT');
INSERT INTO program_rnr_columns (id, mastercolumnid, programid, label, visible, "position", source, formulavalidationrequired, createdby, createddate, modifiedby, modifieddate, rnroptionid, calculationoption) VALUES (66, 20, 3, 'Packs to Ship', false, 19, 'C', true, 4, '2016-03-03 11:45:09.836', 4, '2016-04-13 19:53:15.529963', NULL, 'DEFAULT');
INSERT INTO program_rnr_columns (id, mastercolumnid, programid, label, visible, "position", source, formulavalidationrequired, createdby, createddate, modifiedby, modifieddate, rnroptionid, calculationoption) VALUES (67, 21, 3, 'Price per Pack', false, 20, 'R', true, 4, '2016-03-03 11:45:09.836', 4, '2016-04-13 19:53:15.529963', NULL, 'DEFAULT');
INSERT INTO program_rnr_columns (id, mastercolumnid, programid, label, visible, "position", source, formulavalidationrequired, createdby, createddate, modifiedby, modifieddate, rnroptionid, calculationoption) VALUES (68, 22, 3, 'Total Cost', false, 21, 'C', true, 4, '2016-03-03 11:45:09.836', 4, '2016-04-13 19:53:15.529963', NULL, 'DEFAULT');
INSERT INTO program_rnr_columns (id, mastercolumnid, programid, label, visible, "position", source, formulavalidationrequired, createdby, createddate, modifiedby, modifieddate, rnroptionid, calculationoption) VALUES (69, 23, 3, 'Expiration Date', false, 22, 'U', true, 4, '2016-03-03 11:45:09.836', 4, '2016-04-13 19:53:15.529963', NULL, 'DEFAULT');
INSERT INTO program_rnr_columns (id, mastercolumnid, programid, label, visible, "position", source, formulavalidationrequired, createdby, createddate, modifiedby, modifieddate, rnroptionid, calculationoption) VALUES (71, 25, 3, 'Period Normalized Consumption', false, 23, 'C', true, 4, '2016-03-03 11:45:09.836', 4, '2016-04-13 19:53:15.529963', NULL, 'DEFAULT');
INSERT INTO program_rnr_columns (id, mastercolumnid, programid, label, visible, "position", source, formulavalidationrequired, createdby, createddate, modifiedby, modifieddate, rnroptionid, calculationoption) VALUES (72, 15, 3, 'Maximum Stock Quantity', false, 24, 'C', true, 4, '2016-03-03 11:45:09.836', 4, '2016-04-13 19:53:15.529963', NULL, '[{"name":"Default", "id":"DEFAULT"},{"name":"Normalized Consumption x 2","id":"CONSUMPTION_X_2"},{"name":"Dispensed Quantity x 2","id":"DISPENSED_X_2"}]');
INSERT INTO program_rnr_columns (id, mastercolumnid, programid, label, visible, "position", source, formulavalidationrequired, createdby, createddate, modifiedby, modifieddate, rnroptionid, calculationoption) VALUES (75, 13, 3, 'Monthly Normalized Consumption', false, 25, 'C', true, 4, '2016-03-03 11:45:09.836', 4, '2016-04-13 19:53:15.529963', NULL, '[{"name":"Default", "id":"DEFAULT"},{"name":"Dispensed Quantity + No of New Patients","id":"DISPENSED_PLUS_NEW_PATIENTS"},{"name":"(Dispensed x 90) / (90 - Stockout Days)","id":"DISPENSED_X_90"}]');
INSERT INTO program_rnr_columns (id, mastercolumnid, programid, label, visible, "position", source, formulavalidationrequired, createdby, createddate, modifiedby, modifieddate, rnroptionid, calculationoption) VALUES (96, 22, 5, 'Total Cost', false, 21, 'C', true, 4, '2016-04-16 04:36:36.215187', 4, '2016-04-16 04:39:26.605977', NULL, 'DEFAULT');
INSERT INTO program_rnr_columns (id, mastercolumnid, programid, label, visible, "position", source, formulavalidationrequired, createdby, createddate, modifiedby, modifieddate, rnroptionid, calculationoption) VALUES (97, 23, 5, 'Expiration Date', false, 22, 'U', true, 4, '2016-04-16 04:36:36.215187', 4, '2016-04-16 04:39:26.605977', NULL, 'DEFAULT');
INSERT INTO program_rnr_columns (id, mastercolumnid, programid, label, visible, "position", source, formulavalidationrequired, createdby, createddate, modifiedby, modifieddate, rnroptionid, calculationoption) VALUES (98, 25, 5, 'Period Normalized Consumption', false, 23, 'C', true, 4, '2016-04-16 04:36:36.215187', 4, '2016-04-16 04:39:26.605977', NULL, 'DEFAULT');
INSERT INTO program_rnr_columns (id, mastercolumnid, programid, label, visible, "position", source, formulavalidationrequired, createdby, createddate, modifiedby, modifieddate, rnroptionid, calculationoption) VALUES (99, 15, 5, 'Maximum Stock Quantity', false, 24, 'C', true, 4, '2016-04-16 04:36:36.215187', 4, '2016-04-16 04:39:26.605977', NULL, '[{"name":"Default", "id":"DEFAULT"},{"name":"Normalized Consumption x 2","id":"CONSUMPTION_X_2"},{"name":"Dispensed Quantity x 2","id":"DISPENSED_X_2"}]');
INSERT INTO program_rnr_columns (id, mastercolumnid, programid, label, visible, "position", source, formulavalidationrequired, createdby, createddate, modifiedby, modifieddate, rnroptionid, calculationoption) VALUES (100, 13, 5, 'Monthly Normalized Consumption', false, 25, 'C', true, 4, '2016-04-16 04:36:36.215187', 4, '2016-04-16 04:39:26.605977', NULL, '[{"name":"Default", "id":"DEFAULT"},{"name":"Dispensed Quantity + No of New Patients","id":"DISPENSED_PLUS_NEW_PATIENTS"},{"name":"(Dispensed x 90) / (90 - Stockout Days)","id":"DISPENSED_X_90"}]');
INSERT INTO program_rnr_columns (id, mastercolumnid, programid, label, visible, "position", source, formulavalidationrequired, createdby, createddate, modifiedby, modifieddate, rnroptionid, calculationoption) VALUES (1, 1, 1, 'Skip', true, 1, 'U', true, 4, '2016-03-03 11:45:04.099', 4, '2016-04-13 19:33:03.499855', NULL, 'DEFAULT');
INSERT INTO program_rnr_columns (id, mastercolumnid, programid, label, visible, "position", source, formulavalidationrequired, createdby, createddate, modifiedby, modifieddate, rnroptionid, calculationoption) VALUES (2, 2, 1, 'Product Code', true, 2, 'R', true, 4, '2016-03-03 11:45:04.099', 4, '2016-04-13 19:33:03.499855', NULL, 'DEFAULT');
INSERT INTO program_rnr_columns (id, mastercolumnid, programid, label, visible, "position", source, formulavalidationrequired, createdby, createddate, modifiedby, modifieddate, rnroptionid, calculationoption) VALUES (3, 3, 1, 'Product', true, 3, 'R', true, 4, '2016-03-03 11:45:04.099', 4, '2016-04-13 19:33:03.499855', NULL, 'DEFAULT');
INSERT INTO program_rnr_columns (id, mastercolumnid, programid, label, visible, "position", source, formulavalidationrequired, createdby, createddate, modifiedby, modifieddate, rnroptionid, calculationoption) VALUES (23, 5, 1, 'Beginning Balance', true, 4, 'U', true, 4, '2016-03-03 11:45:04.099', 4, '2016-04-13 19:33:03.499855', NULL, '[{"name":"Default", "id":"DEFAULT"},{"name":"Allow users to override beginning balance","id":"ALLOW_USER_OVERRIDE"}]');
INSERT INTO program_rnr_columns (id, mastercolumnid, programid, label, visible, "position", source, formulavalidationrequired, createdby, createddate, modifiedby, modifieddate, rnroptionid, calculationoption) VALUES (5, 6, 1, 'Total Received Quantity', true, 5, 'U', true, 4, '2016-03-03 11:45:04.099', 4, '2016-04-13 19:33:03.499855', NULL, 'DEFAULT');
INSERT INTO program_rnr_columns (id, mastercolumnid, programid, label, visible, "position", source, formulavalidationrequired, createdby, createddate, modifiedby, modifieddate, rnroptionid, calculationoption) VALUES (7, 8, 1, 'Total Consumed Quantity', true, 6, 'C', true, 4, '2016-03-03 11:45:04.099', 4, '2016-04-13 19:33:03.499855', NULL, 'DEFAULT');
INSERT INTO program_rnr_columns (id, mastercolumnid, programid, label, visible, "position", source, formulavalidationrequired, createdby, createddate, modifiedby, modifieddate, rnroptionid, calculationoption) VALUES (8, 9, 1, 'Total Losses / Adjustments', true, 7, 'U', true, 4, '2016-03-03 11:45:04.099', 4, '2016-04-13 19:33:03.499855', NULL, 'DEFAULT');
INSERT INTO program_rnr_columns (id, mastercolumnid, programid, label, visible, "position", source, formulavalidationrequired, createdby, createddate, modifiedby, modifieddate, rnroptionid, calculationoption) VALUES (9, 10, 1, 'Stock on Hand', true, 8, 'U', true, 4, '2016-03-03 11:45:04.099', 4, '2016-04-13 19:33:03.499855', NULL, 'DEFAULT');
INSERT INTO program_rnr_columns (id, mastercolumnid, programid, label, visible, "position", source, formulavalidationrequired, createdby, createddate, modifiedby, modifieddate, rnroptionid, calculationoption) VALUES (13, 16, 1, 'Calculated Order Quantity', true, 10, 'C', true, 4, '2016-03-03 11:45:04.099', 4, '2016-04-13 19:33:03.499855', NULL, 'DEFAULT');
INSERT INTO program_rnr_columns (id, mastercolumnid, programid, label, visible, "position", source, formulavalidationrequired, createdby, createddate, modifiedby, modifieddate, rnroptionid, calculationoption) VALUES (14, 17, 1, 'Requested Quantity', true, 11, 'U', true, 4, '2016-03-03 11:45:04.099', 4, '2016-04-13 19:33:03.499855', NULL, 'DEFAULT');
INSERT INTO program_rnr_columns (id, mastercolumnid, programid, label, visible, "position", source, formulavalidationrequired, createdby, createddate, modifiedby, modifieddate, rnroptionid, calculationoption) VALUES (15, 18, 1, 'Requested Quantity Explanation', true, 12, 'U', true, 4, '2016-03-03 11:45:04.099', 4, '2016-04-13 19:33:03.499855', NULL, 'DEFAULT');
INSERT INTO program_rnr_columns (id, mastercolumnid, programid, label, visible, "position", source, formulavalidationrequired, createdby, createddate, modifiedby, modifieddate, rnroptionid, calculationoption) VALUES (24, 19, 1, 'Approved Quantity', true, 13, 'U', true, 4, '2016-03-03 11:45:04.099', 4, '2016-04-13 19:33:03.499855', NULL, '[{"name":"Default", "id":"DEFAULT"},{"name":"Accept in Packs","id":"ACCEPT_PACKS"}]');
INSERT INTO program_rnr_columns (id, mastercolumnid, programid, label, visible, "position", source, formulavalidationrequired, createdby, createddate, modifiedby, modifieddate, rnroptionid, calculationoption) VALUES (20, 24, 1, 'Remarks', true, 14, 'U', true, 4, '2016-03-03 11:45:04.099', 4, '2016-04-13 19:33:03.499855', NULL, 'DEFAULT');
INSERT INTO program_rnr_columns (id, mastercolumnid, programid, label, visible, "position", source, formulavalidationrequired, createdby, createddate, modifiedby, modifieddate, rnroptionid, calculationoption) VALUES (11, 12, 1, 'Total Stockout Days', false, 15, 'U', true, 4, '2016-03-03 11:45:04.099', 4, '2016-04-13 19:33:03.499855', NULL, 'DEFAULT');
INSERT INTO program_rnr_columns (id, mastercolumnid, programid, label, visible, "position", source, formulavalidationrequired, createdby, createddate, modifiedby, modifieddate, rnroptionid, calculationoption) VALUES (6, 7, 1, 'Total', false, 16, 'C', true, 4, '2016-03-03 11:45:04.099', 4, '2016-04-13 19:33:03.499855', NULL, 'DEFAULT');
INSERT INTO program_rnr_columns (id, mastercolumnid, programid, label, visible, "position", source, formulavalidationrequired, createdby, createddate, modifiedby, modifieddate, rnroptionid, calculationoption) VALUES (21, 25, 1, 'Period Normalized Consumption', false, 17, 'C', true, 4, '2016-03-03 11:45:04.099', 4, '2016-04-13 19:33:03.499855', NULL, 'DEFAULT');
INSERT INTO program_rnr_columns (id, mastercolumnid, programid, label, visible, "position", source, formulavalidationrequired, createdby, createddate, modifiedby, modifieddate, rnroptionid, calculationoption) VALUES (4, 4, 1, 'Unit/Unit of Issue', false, 18, 'R', true, 4, '2016-03-03 11:45:04.099', 4, '2016-04-13 19:33:03.499855', NULL, 'DEFAULT');
INSERT INTO program_rnr_columns (id, mastercolumnid, programid, label, visible, "position", source, formulavalidationrequired, createdby, createddate, modifiedby, modifieddate, rnroptionid, calculationoption) VALUES (18, 22, 1, 'Total Cost', false, 19, 'C', true, 4, '2016-03-03 11:45:04.099', 4, '2016-04-13 19:33:03.499855', NULL, 'DEFAULT');
INSERT INTO program_rnr_columns (id, mastercolumnid, programid, label, visible, "position", source, formulavalidationrequired, createdby, createddate, modifiedby, modifieddate, rnroptionid, calculationoption) VALUES (16, 20, 1, 'Packs to Ship', false, 20, 'C', true, 4, '2016-03-03 11:45:04.099', 4, '2016-04-13 19:33:03.499855', NULL, 'DEFAULT');
INSERT INTO program_rnr_columns (id, mastercolumnid, programid, label, visible, "position", source, formulavalidationrequired, createdby, createddate, modifiedby, modifieddate, rnroptionid, calculationoption) VALUES (10, 11, 1, 'Number of New Patients Added', true, 9, 'U', true, 4, '2016-03-03 11:45:04.099', 4, '2016-04-13 19:33:03.499855', 1, 'DEFAULT');
INSERT INTO program_rnr_columns (id, mastercolumnid, programid, label, visible, "position", source, formulavalidationrequired, createdby, createddate, modifiedby, modifieddate, rnroptionid, calculationoption) VALUES (25, 13, 1, 'Monthly Normalized Consumption', false, 21, 'C', true, 4, '2016-03-03 11:45:04.099', 4, '2016-04-13 19:33:03.499855', NULL, '[{"name":"Default", "id":"DEFAULT"},{"name":"Dispensed Quantity + No of New Patients","id":"DISPENSED_PLUS_NEW_PATIENTS"},{"name":"(Dispensed x 90) / (90 - Stockout Days)","id":"DISPENSED_X_90"}]');
INSERT INTO program_rnr_columns (id, mastercolumnid, programid, label, visible, "position", source, formulavalidationrequired, createdby, createddate, modifiedby, modifieddate, rnroptionid, calculationoption) VALUES (19, 23, 1, 'Expiration Date', false, 22, 'U', true, 4, '2016-03-03 11:45:04.099', 4, '2016-04-13 19:33:03.499855', NULL, 'DEFAULT');
INSERT INTO program_rnr_columns (id, mastercolumnid, programid, label, visible, "position", source, formulavalidationrequired, createdby, createddate, modifiedby, modifieddate, rnroptionid, calculationoption) VALUES (22, 15, 1, 'Maximum Stock Quantity', false, 23, 'C', true, 4, '2016-03-03 11:45:04.099', 4, '2016-04-13 19:33:03.499855', NULL, '[{"name":"Default", "id":"DEFAULT"},{"name":"Normalized Consumption x 2","id":"CONSUMPTION_X_2"},{"name":"Dispensed Quantity x 2","id":"DISPENSED_X_2"}]');
INSERT INTO program_rnr_columns (id, mastercolumnid, programid, label, visible, "position", source, formulavalidationrequired, createdby, createddate, modifiedby, modifieddate, rnroptionid, calculationoption) VALUES (12, 14, 1, 'Average Monthly Consumption(AMC)', false, 24, 'C', true, 4, '2016-03-03 11:45:04.099', 4, '2016-04-13 19:33:03.499855', NULL, 'DEFAULT');
INSERT INTO program_rnr_columns (id, mastercolumnid, programid, label, visible, "position", source, formulavalidationrequired, createdby, createddate, modifiedby, modifieddate, rnroptionid, calculationoption) VALUES (17, 21, 1, 'Price per Pack', false, 25, 'R', true, 4, '2016-03-03 11:45:04.099', 4, '2016-04-13 19:33:03.499855', NULL, 'DEFAULT');
INSERT INTO program_rnr_columns (id, mastercolumnid, programid, label, visible, "position", source, formulavalidationrequired, createdby, createddate, modifiedby, modifieddate, rnroptionid, calculationoption) VALUES (50, 13, 2, 'Monthly Normalized Consumption', false, 25, 'C', true, 4, '2016-03-03 11:45:06.71', 4, '2016-04-13 19:52:37.454621', NULL, '[{"name":"Default", "id":"DEFAULT"},{"name":"Dispensed Quantity + No of New Patients","id":"DISPENSED_PLUS_NEW_PATIENTS"},{"name":"(Dispensed x 90) / (90 - Stockout Days)","id":"DISPENSED_X_90"}]');
INSERT INTO program_rnr_columns (id, mastercolumnid, programid, label, visible, "position", source, formulavalidationrequired, createdby, createddate, modifiedby, modifieddate, rnroptionid, calculationoption) VALUES (85, 14, 5, 'Average Monthly Consumption(AMC)', true, 10, 'C', true, 4, '2016-04-16 04:36:36.215187', 4, '2016-04-16 04:39:26.605977', NULL, 'DEFAULT');
INSERT INTO program_rnr_columns (id, mastercolumnid, programid, label, visible, "position", source, formulavalidationrequired, createdby, createddate, modifiedby, modifieddate, rnroptionid, calculationoption) VALUES (86, 16, 5, 'Calculated Order Quantity', true, 11, 'C', true, 4, '2016-04-16 04:36:36.215187', 4, '2016-04-16 04:39:26.605977', NULL, 'DEFAULT');
INSERT INTO program_rnr_columns (id, mastercolumnid, programid, label, visible, "position", source, formulavalidationrequired, createdby, createddate, modifiedby, modifieddate, rnroptionid, calculationoption) VALUES (87, 17, 5, 'Requested Quantity', false, 12, 'U', true, 4, '2016-04-16 04:36:36.215187', 4, '2016-04-16 04:39:26.605977', NULL, 'DEFAULT');
INSERT INTO program_rnr_columns (id, mastercolumnid, programid, label, visible, "position", source, formulavalidationrequired, createdby, createddate, modifiedby, modifieddate, rnroptionid, calculationoption) VALUES (88, 18, 5, 'Requested Quantity Explanation', false, 13, 'U', true, 4, '2016-04-16 04:36:36.215187', 4, '2016-04-16 04:39:26.605977', NULL, 'DEFAULT');
INSERT INTO program_rnr_columns (id, mastercolumnid, programid, label, visible, "position", source, formulavalidationrequired, createdby, createddate, modifiedby, modifieddate, rnroptionid, calculationoption) VALUES (89, 19, 5, 'Approved Quantity', true, 14, 'U', true, 4, '2016-04-16 04:36:36.215187', 4, '2016-04-16 04:39:26.605977', NULL, '[{"name":"Default", "id":"DEFAULT"},{"name":"Accept in Packs","id":"ACCEPT_PACKS"}]');
INSERT INTO program_rnr_columns (id, mastercolumnid, programid, label, visible, "position", source, formulavalidationrequired, createdby, createddate, modifiedby, modifieddate, rnroptionid, calculationoption) VALUES (90, 24, 5, 'Remarks', true, 15, 'U', true, 4, '2016-04-16 04:36:36.215187', 4, '2016-04-16 04:39:26.605977', NULL, 'DEFAULT');
INSERT INTO program_rnr_columns (id, mastercolumnid, programid, label, visible, "position", source, formulavalidationrequired, createdby, createddate, modifiedby, modifieddate, rnroptionid, calculationoption) VALUES (91, 4, 5, 'Unit/Unit of Issue', false, 16, 'R', true, 4, '2016-04-16 04:36:36.215187', 4, '2016-04-16 04:39:26.605977', NULL, 'DEFAULT');
INSERT INTO program_rnr_columns (id, mastercolumnid, programid, label, visible, "position", source, formulavalidationrequired, createdby, createddate, modifiedby, modifieddate, rnroptionid, calculationoption) VALUES (92, 7, 5, 'Total', false, 17, 'C', true, 4, '2016-04-16 04:36:36.215187', 4, '2016-04-16 04:39:26.605977', NULL, 'DEFAULT');
INSERT INTO program_rnr_columns (id, mastercolumnid, programid, label, visible, "position", source, formulavalidationrequired, createdby, createddate, modifiedby, modifieddate, rnroptionid, calculationoption) VALUES (93, 11, 5, 'Total number of new patients added to service on the program', false, 18, 'U', true, 4, '2016-04-16 04:36:36.215187', 4, '2016-04-16 04:39:26.605977', 1, 'DEFAULT');
INSERT INTO program_rnr_columns (id, mastercolumnid, programid, label, visible, "position", source, formulavalidationrequired, createdby, createddate, modifiedby, modifieddate, rnroptionid, calculationoption) VALUES (94, 20, 5, 'Packs to Ship', false, 19, 'C', true, 4, '2016-04-16 04:36:36.215187', 4, '2016-04-16 04:39:26.605977', NULL, 'DEFAULT');
INSERT INTO program_rnr_columns (id, mastercolumnid, programid, label, visible, "position", source, formulavalidationrequired, createdby, createddate, modifiedby, modifieddate, rnroptionid, calculationoption) VALUES (95, 21, 5, 'Price per Pack', false, 20, 'R', true, 4, '2016-04-16 04:36:36.215187', 4, '2016-04-16 04:39:26.605977', NULL, 'DEFAULT');



SELECT pg_catalog.setval('program_rnr_columns_id_seq', 100, true);



SELECT pg_catalog.setval('programs_id_seq', 5, true);



INSERT INTO programs_supported (id, facilityid, programid, startdate, active, createdby, createddate, modifiedby, modifieddate) VALUES (1, 1, 3, '2003-01-01 00:00:00', true, 1, '2016-02-05 11:13:49.751', 1, '2016-02-05 11:13:49.742');
INSERT INTO programs_supported (id, facilityid, programid, startdate, active, createdby, createddate, modifiedby, modifieddate) VALUES (2, 1, 4, '2003-01-01 00:00:00', true, 1, '2016-02-05 11:13:49.751', 1, '2016-02-05 11:13:49.742');
INSERT INTO programs_supported (id, facilityid, programid, startdate, active, createdby, createddate, modifiedby, modifieddate) VALUES (3, 5, 1, '2003-01-01 00:00:00', true, 1, '2016-02-05 11:13:49.751', 1, '2016-02-05 11:13:49.742');
INSERT INTO programs_supported (id, facilityid, programid, startdate, active, createdby, createddate, modifiedby, modifieddate) VALUES (4, 5, 4, '2003-01-01 00:00:00', true, 1, '2016-02-05 11:13:49.751', 1, '2016-02-05 11:13:49.742');
INSERT INTO programs_supported (id, facilityid, programid, startdate, active, createdby, createddate, modifiedby, modifieddate) VALUES (5, 4, 1, '2003-01-01 00:00:00', true, 1, '2016-02-05 11:13:49.751', 1, '2016-02-05 11:13:49.742');
INSERT INTO programs_supported (id, facilityid, programid, startdate, active, createdby, createddate, modifiedby, modifieddate) VALUES (6, 4, 4, '2003-01-01 00:00:00', true, 1, '2016-02-05 11:13:49.751', 1, '2016-02-05 11:13:49.742');
INSERT INTO programs_supported (id, facilityid, programid, startdate, active, createdby, createddate, modifiedby, modifieddate) VALUES (7, 7, 3, '2003-01-01 00:00:00', true, 1, '2016-02-05 11:13:49.751', 1, '2016-02-05 11:13:49.742');
INSERT INTO programs_supported (id, facilityid, programid, startdate, active, createdby, createddate, modifiedby, modifieddate) VALUES (8, 7, 2, '2003-01-01 00:00:00', true, 1, '2016-02-05 11:13:49.751', 1, '2016-02-05 11:13:49.742');
INSERT INTO programs_supported (id, facilityid, programid, startdate, active, createdby, createddate, modifiedby, modifieddate) VALUES (9, 7, 4, '2003-01-01 00:00:00', true, 1, '2016-02-05 11:13:49.751', 1, '2016-02-05 11:13:49.742');
INSERT INTO programs_supported (id, facilityid, programid, startdate, active, createdby, createddate, modifiedby, modifieddate) VALUES (10, 3, 1, '2003-01-01 00:00:00', true, 1, '2016-02-05 11:13:49.751', 1, '2016-02-05 11:13:49.742');
INSERT INTO programs_supported (id, facilityid, programid, startdate, active, createdby, createddate, modifiedby, modifieddate) VALUES (11, 3, 3, '2003-01-01 00:00:00', true, 1, '2016-02-05 11:13:49.751', 1, '2016-02-05 11:13:49.742');
INSERT INTO programs_supported (id, facilityid, programid, startdate, active, createdby, createddate, modifiedby, modifieddate) VALUES (12, 3, 2, '2003-01-01 00:00:00', true, 1, '2016-02-05 11:13:49.751', 1, '2016-02-05 11:13:49.742');
INSERT INTO programs_supported (id, facilityid, programid, startdate, active, createdby, createddate, modifiedby, modifieddate) VALUES (13, 3, 4, '2003-01-01 00:00:00', true, 1, '2016-02-05 11:13:49.751', 1, '2016-02-05 11:13:49.742');
INSERT INTO programs_supported (id, facilityid, programid, startdate, active, createdby, createddate, modifiedby, modifieddate) VALUES (14, 2, 2, '2003-01-01 00:00:00', true, 1, '2016-02-05 11:13:49.751', 1, '2016-02-05 11:13:49.742');
INSERT INTO programs_supported (id, facilityid, programid, startdate, active, createdby, createddate, modifiedby, modifieddate) VALUES (15, 2, 4, '2003-01-01 00:00:00', true, 1, '2016-02-05 11:13:49.751', 1, '2016-02-05 11:13:49.742');
INSERT INTO programs_supported (id, facilityid, programid, startdate, active, createdby, createddate, modifiedby, modifieddate) VALUES (16, 6, 3, '2003-01-01 00:00:00', true, 1, '2016-02-05 11:13:49.751', 1, '2016-02-05 11:13:49.742');
INSERT INTO programs_supported (id, facilityid, programid, startdate, active, createdby, createddate, modifiedby, modifieddate) VALUES (17, 6, 1, '2003-01-01 00:00:00', true, 1, '2016-02-05 11:13:49.751', 1, '2016-02-05 11:13:49.742');
INSERT INTO programs_supported (id, facilityid, programid, startdate, active, createdby, createddate, modifiedby, modifieddate) VALUES (18, 6, 4, '2003-01-01 00:00:00', true, 1, '2016-02-05 11:13:49.751', 1, '2016-02-05 11:13:49.742');
INSERT INTO programs_supported (id, facilityid, programid, startdate, active, createdby, createddate, modifiedby, modifieddate) VALUES (31, 1, 5, '2003-01-01 00:00:00', true, 4, '2016-04-15 21:54:19.639143', 4, '2016-04-15 21:54:19.636');
INSERT INTO programs_supported (id, facilityid, programid, startdate, active, createdby, createddate, modifiedby, modifieddate) VALUES (32, 5, 5, '2003-01-01 00:00:00', true, 4, '2016-04-15 21:54:19.639143', 4, '2016-04-15 21:54:19.636');
INSERT INTO programs_supported (id, facilityid, programid, startdate, active, createdby, createddate, modifiedby, modifieddate) VALUES (33, 4, 5, '2003-01-01 00:00:00', true, 4, '2016-04-15 21:54:19.639143', 4, '2016-04-15 21:54:19.636');
INSERT INTO programs_supported (id, facilityid, programid, startdate, active, createdby, createddate, modifiedby, modifieddate) VALUES (34, 7, 5, '2003-01-01 00:00:00', true, 4, '2016-04-15 21:54:19.639143', 4, '2016-04-15 21:54:19.636');
INSERT INTO programs_supported (id, facilityid, programid, startdate, active, createdby, createddate, modifiedby, modifieddate) VALUES (35, 3, 5, '2003-01-01 00:00:00', true, 4, '2016-04-15 21:54:19.639143', 4, '2016-04-15 21:54:19.636');
INSERT INTO programs_supported (id, facilityid, programid, startdate, active, createdby, createddate, modifiedby, modifieddate) VALUES (36, 2, 5, '2003-01-01 00:00:00', true, 4, '2016-04-15 21:54:19.639143', 4, '2016-04-15 21:54:19.636');
INSERT INTO programs_supported (id, facilityid, programid, startdate, active, createdby, createddate, modifiedby, modifieddate) VALUES (37, 6, 5, '2003-01-01 00:00:00', true, 4, '2016-04-15 21:54:19.639143', 4, '2016-04-15 21:54:19.636');



SELECT pg_catalog.setval('programs_supported_id_seq', 37, true);



INSERT INTO regimen_categories (id, code, name, displayorder, createdby, createddate, modifiedby, modifieddate) VALUES (1, 'AD', 'Adult', 1, 1, '2016-02-05 11:13:55.53', 1, '2016-02-05 11:13:55.53');
INSERT INTO regimen_categories (id, code, name, displayorder, createdby, createddate, modifiedby, modifieddate) VALUES (2, 'CH', 'Child', 2, 1, '2016-02-05 11:13:55.53', 1, '2016-02-05 11:13:55.53');
INSERT INTO regimen_categories (id, code, name, displayorder, createdby, createddate, modifiedby, modifieddate) VALUES (3, 'IN', 'Infant', 3, 1, '2016-02-05 11:13:55.53', 1, '2016-02-05 11:13:55.53');



SELECT pg_catalog.setval('regimen_categories_id_seq', 3, true);



INSERT INTO requisition_groups (id, code, name, description, supervisorynodeid, createdby, createddate, modifiedby, modifieddate) VALUES (1, 'rg1', 'Southern regions Malaria support', 'Supports facilities running the Malaria program', 3, 1, '2016-02-05 11:14:25.995', 1, '2016-02-05 11:14:25.982');
INSERT INTO requisition_groups (id, code, name, description, supervisorynodeid, createdby, createddate, modifiedby, modifieddate) VALUES (3, 'rg6', 'Provincial Health Plan support', 'Supports health centres in the southern half of the province', 1, 1, '2016-02-05 11:14:25.995', 4, '2016-04-16 04:32:29.962326');
INSERT INTO requisition_groups (id, code, name, description, supervisorynodeid, createdby, createddate, modifiedby, modifieddate) VALUES (2, 'rg2', 'Provincial Park primary care', 'Manages primary care center in Winkler', 2, 1, '2016-02-05 11:14:25.995', 4, '2016-04-16 04:32:46.63244');



INSERT INTO requisition_group_members (id, requisitiongroupid, facilityid, createdby, createddate, modifiedby, modifieddate) VALUES (1, 1, 6, 1, '2016-02-05 11:16:18.082', 1, '2016-02-05 11:16:18.073');
INSERT INTO requisition_group_members (id, requisitiongroupid, facilityid, createdby, createddate, modifiedby, modifieddate) VALUES (2, 1, 4, 1, '2016-02-05 11:16:18.082', 1, '2016-02-05 11:16:18.073');
INSERT INTO requisition_group_members (id, requisitiongroupid, facilityid, createdby, createddate, modifiedby, modifieddate) VALUES (3, 1, 5, 1, '2016-02-05 11:16:18.082', 1, '2016-02-05 11:16:18.073');
INSERT INTO requisition_group_members (id, requisitiongroupid, facilityid, createdby, createddate, modifiedby, modifieddate) VALUES (4, 1, 3, 1, '2016-02-05 11:16:18.082', 1, '2016-02-05 11:16:18.073');
INSERT INTO requisition_group_members (id, requisitiongroupid, facilityid, createdby, createddate, modifiedby, modifieddate) VALUES (10, 3, 1, 4, '2016-04-16 04:32:30.000703', 4, '2016-04-16 04:32:30.000703');
INSERT INTO requisition_group_members (id, requisitiongroupid, facilityid, createdby, createddate, modifiedby, modifieddate) VALUES (11, 3, 2, 4, '2016-04-16 04:32:30.005618', 4, '2016-04-16 04:32:30.005618');
INSERT INTO requisition_group_members (id, requisitiongroupid, facilityid, createdby, createddate, modifiedby, modifieddate) VALUES (12, 3, 3, 4, '2016-04-16 04:32:30.009872', 4, '2016-04-16 04:32:30.009872');
INSERT INTO requisition_group_members (id, requisitiongroupid, facilityid, createdby, createddate, modifiedby, modifieddate) VALUES (13, 3, 7, 4, '2016-04-16 04:32:30.014604', 4, '2016-04-16 04:32:30.014604');
INSERT INTO requisition_group_members (id, requisitiongroupid, facilityid, createdby, createddate, modifiedby, modifieddate) VALUES (14, 2, 6, 4, '2016-04-16 04:32:46.650975', 4, '2016-04-16 04:32:46.650975');



SELECT pg_catalog.setval('requisition_group_members_id_seq', 14, true);



INSERT INTO requisition_group_program_schedules (id, requisitiongroupid, programid, scheduleid, directdelivery, dropofffacilityid, createdby, createddate, modifiedby, modifieddate) VALUES (1, 1, 1, 1, true, NULL, 1, '2016-02-05 11:16:09.384', 1, '2016-02-05 11:16:09.38');
INSERT INTO requisition_group_program_schedules (id, requisitiongroupid, programid, scheduleid, directdelivery, dropofffacilityid, createdby, createddate, modifiedby, modifieddate) VALUES (5, 3, 2, 1, true, NULL, 4, '2016-04-16 04:32:29.972282', 4, '2016-04-16 04:32:29.972282');
INSERT INTO requisition_group_program_schedules (id, requisitiongroupid, programid, scheduleid, directdelivery, dropofffacilityid, createdby, createddate, modifiedby, modifieddate) VALUES (6, 3, 3, 1, true, NULL, 4, '2016-04-16 04:32:29.979744', 4, '2016-04-16 04:32:29.979744');
INSERT INTO requisition_group_program_schedules (id, requisitiongroupid, programid, scheduleid, directdelivery, dropofffacilityid, createdby, createddate, modifiedby, modifieddate) VALUES (7, 3, 5, 1, true, NULL, 4, '2016-04-16 04:32:29.987872', 4, '2016-04-16 04:32:29.987872');
INSERT INTO requisition_group_program_schedules (id, requisitiongroupid, programid, scheduleid, directdelivery, dropofffacilityid, createdby, createddate, modifiedby, modifieddate) VALUES (8, 2, 3, 1, true, NULL, 4, '2016-04-16 04:32:46.639761', 4, '2016-04-16 04:32:46.639761');
INSERT INTO requisition_group_program_schedules (id, requisitiongroupid, programid, scheduleid, directdelivery, dropofffacilityid, createdby, createddate, modifiedby, modifieddate) VALUES (9, 2, 5, 1, true, NULL, 4, '2016-04-16 04:32:46.644939', 4, '2016-04-16 04:32:46.644939');



SELECT pg_catalog.setval('requisition_group_program_schedules_id_seq', 9, true);



SELECT pg_catalog.setval('requisition_groups_id_seq', 3, true);



INSERT INTO requisition_line_items (id, rnrid, productcode, product, productdisplayorder, productcategory, productcategorydisplayorder, dispensingunit, beginningbalance, quantityreceived, quantitydispensed, stockinhand, quantityrequested, reasonforrequestedquantity, calculatedorderquantity, quantityapproved, totallossesandadjustments, newpatientcount, stockoutdays, normalizedconsumption, amc, maxmonthsofstock, maxstockquantity, packstoship, price, expirationdate, remarks, dosespermonth, dosesperdispensingunit, packsize, roundtozero, packroundingthreshold, fullsupply, skipped, reportingdays, createdby, createddate, modifiedby, modifieddate, previousnormalizedconsumptions, previousstockinhand, periodnormalizedconsumption) VALUES (48, 13, 'P10048', '3TC/AZT + NVP tablet 300/300/600 mg', 1, 'Anti-retrovirals', 2, '60 tab bottle', 10, 10, 10, 10, 10, 'because', 110, 10, 0, 10, 101, 40, 40, 3, 120, 1, 61.3000, '01/2020', NULL, 60, 20, 50, false, 25, true, false, 30, 4, '2016-04-12 18:36:01.691313', 2, '2016-04-13 00:36:02.253804', '[]', NULL, 40);
INSERT INTO requisition_line_items (id, rnrid, productcode, product, productdisplayorder, productcategory, productcategorydisplayorder, dispensingunit, beginningbalance, quantityreceived, quantitydispensed, stockinhand, quantityrequested, reasonforrequestedquantity, calculatedorderquantity, quantityapproved, totallossesandadjustments, newpatientcount, stockoutdays, normalizedconsumption, amc, maxmonthsofstock, maxstockquantity, packstoship, price, expirationdate, remarks, dosespermonth, dosesperdispensingunit, packsize, roundtozero, packroundingthreshold, fullsupply, skipped, reportingdays, createdby, createddate, modifiedby, modifieddate, previousnormalizedconsumptions, previousstockinhand, periodnormalizedconsumption) VALUES (49, 13, 'KM3375-2', 'Malaria Rapid Diagnostic Test card 1 each', 4, 'Test Kits', 6, 'each', 10, 10, 10, 10, 10, 'b', 50, 10, 0, 10, 101, 20, 20, 3, 60, 1, NULL, '01/2020', NULL, 1, 1, 50, false, 20, true, false, 30, 4, '2016-04-12 18:36:01.691313', 2, '2016-04-13 00:36:02.253804', '[]', NULL, 20);
INSERT INTO requisition_line_items (id, rnrid, productcode, product, productdisplayorder, productcategory, productcategorydisplayorder, dispensingunit, beginningbalance, quantityreceived, quantitydispensed, stockinhand, quantityrequested, reasonforrequestedquantity, calculatedorderquantity, quantityapproved, totallossesandadjustments, newpatientcount, stockoutdays, normalizedconsumption, amc, maxmonthsofstock, maxstockquantity, packstoship, price, expirationdate, remarks, dosespermonth, dosesperdispensingunit, packsize, roundtozero, packroundingthreshold, fullsupply, skipped, reportingdays, createdby, createddate, modifiedby, modifieddate, previousnormalizedconsumptions, previousstockinhand, periodnormalizedconsumption) VALUES (50, 13, 'N-378013', 'Tramedol injection 50mg/ml mg', 2, 'Anti-pyretics', 7, 'each', NULL, NULL, NULL, NULL, NULL, NULL, NULL, NULL, 0, NULL, NULL, NULL, NULL, 3, NULL, NULL, NULL, NULL, NULL, 1, 2, 10, false, 25, true, true, 30, 4, '2016-04-12 18:36:01.691313', 2, '2016-04-13 00:36:02.253804', '[]', NULL, NULL);
INSERT INTO requisition_line_items (id, rnrid, productcode, product, productdisplayorder, productcategory, productcategorydisplayorder, dispensingunit, beginningbalance, quantityreceived, quantitydispensed, stockinhand, quantityrequested, reasonforrequestedquantity, calculatedorderquantity, quantityapproved, totallossesandadjustments, newpatientcount, stockoutdays, normalizedconsumption, amc, maxmonthsofstock, maxstockquantity, packstoship, price, expirationdate, remarks, dosespermonth, dosesperdispensingunit, packsize, roundtozero, packroundingthreshold, fullsupply, skipped, reportingdays, createdby, createddate, modifiedby, modifieddate, previousnormalizedconsumptions, previousstockinhand, periodnormalizedconsumption) VALUES (51, 13, 'P-228438', 'Diclofenac tablet 50 mg', 3, 'Anti-pyretics', 7, 'each', NULL, NULL, NULL, NULL, NULL, NULL, NULL, NULL, 0, NULL, NULL, NULL, NULL, 3, NULL, NULL, NULL, NULL, NULL, 60, 1, 100, false, 50, true, true, 30, 4, '2016-04-12 18:36:01.691313', 2, '2016-04-13 00:36:02.253804', '[]', NULL, NULL);
INSERT INTO requisition_line_items (id, rnrid, productcode, product, productdisplayorder, productcategory, productcategorydisplayorder, dispensingunit, beginningbalance, quantityreceived, quantitydispensed, stockinhand, quantityrequested, reasonforrequestedquantity, calculatedorderquantity, quantityapproved, totallossesandadjustments, newpatientcount, stockoutdays, normalizedconsumption, amc, maxmonthsofstock, maxstockquantity, packstoship, price, expirationdate, remarks, dosespermonth, dosesperdispensingunit, packsize, roundtozero, packroundingthreshold, fullsupply, skipped, reportingdays, createdby, createddate, modifiedby, modifieddate, previousnormalizedconsumptions, previousstockinhand, periodnormalizedconsumption) VALUES (52, 13, 'P000833', 'Quinine Sulphate capsule 300 mg', 1, 'Anti-malarials', 8, 'each', NULL, NULL, NULL, NULL, NULL, NULL, NULL, NULL, 0, NULL, NULL, NULL, NULL, 3, NULL, NULL, NULL, NULL, NULL, 60, 1, 500, false, 200, true, true, 30, 4, '2016-04-12 18:36:01.691313', 2, '2016-04-13 00:36:02.253804', '[]', NULL, NULL);
INSERT INTO requisition_line_items (id, rnrid, productcode, product, productdisplayorder, productcategory, productcategorydisplayorder, dispensingunit, beginningbalance, quantityreceived, quantitydispensed, stockinhand, quantityrequested, reasonforrequestedquantity, calculatedorderquantity, quantityapproved, totallossesandadjustments, newpatientcount, stockoutdays, normalizedconsumption, amc, maxmonthsofstock, maxstockquantity, packstoship, price, expirationdate, remarks, dosespermonth, dosesperdispensingunit, packsize, roundtozero, packroundingthreshold, fullsupply, skipped, reportingdays, createdby, createddate, modifiedby, modifieddate, previousnormalizedconsumptions, previousstockinhand, periodnormalizedconsumption) VALUES (102, 28, 'A581453', 'Ampicillin PDR injection 500mg mg', 1, 'Antibiotics', 1, 'each', 100, 200, 290, 10, NULL, NULL, 860, 860, 0, 0, 0, 290, 290, 3, 870, 17, NULL, NULL, NULL, 3, 10, 50, false, 20, true, false, 30, 4, '2016-04-14 18:27:37.095319', 4, '2016-04-14 18:29:19.135643', '[]', NULL, 290);
INSERT INTO requisition_line_items (id, rnrid, productcode, product, productdisplayorder, productcategory, productcategorydisplayorder, dispensingunit, beginningbalance, quantityreceived, quantitydispensed, stockinhand, quantityrequested, reasonforrequestedquantity, calculatedorderquantity, quantityapproved, totallossesandadjustments, newpatientcount, stockoutdays, normalizedconsumption, amc, maxmonthsofstock, maxstockquantity, packstoship, price, expirationdate, remarks, dosespermonth, dosesperdispensingunit, packsize, roundtozero, packroundingthreshold, fullsupply, skipped, reportingdays, createdby, createddate, modifiedby, modifieddate, previousnormalizedconsumptions, previousstockinhand, periodnormalizedconsumption) VALUES (103, 28, 'A427826', 'Ciproflaxin capsule 500 mg', 2, 'Antibiotics', 1, '10 tab strip', 4000, 10000, 13500, 500, NULL, NULL, 40000, 40000, 0, 0, 0, 13500, 13500, 3, 40500, 4000, NULL, NULL, NULL, 60, 10, 10, false, 5, true, false, 30, 4, '2016-04-14 18:27:37.095319', 4, '2016-04-14 18:29:19.135643', '[]', NULL, 13500);
INSERT INTO requisition_line_items (id, rnrid, productcode, product, productdisplayorder, productcategory, productcategorydisplayorder, dispensingunit, beginningbalance, quantityreceived, quantitydispensed, stockinhand, quantityrequested, reasonforrequestedquantity, calculatedorderquantity, quantityapproved, totallossesandadjustments, newpatientcount, stockoutdays, normalizedconsumption, amc, maxmonthsofstock, maxstockquantity, packstoship, price, expirationdate, remarks, dosespermonth, dosesperdispensingunit, packsize, roundtozero, packroundingthreshold, fullsupply, skipped, reportingdays, createdby, createddate, modifiedby, modifieddate, previousnormalizedconsumptions, previousstockinhand, periodnormalizedconsumption) VALUES (75, 23, 'P10048', '3TC/AZT + NVP tablet 300/300/600 mg', 1, 'Anti-retrovirals', 2, '60 tab bottle', 10, 500, 440, 100, NULL, NULL, 665, 665, 30, 10, 0, 470, 255, 3, 765, 13, 61.3000, NULL, NULL, 60, 20, 50, false, 25, true, false, 30, 4, '2016-04-13 19:33:25.394895', 4, '2016-04-13 19:46:55.486299', '[40]', 10, 470);
INSERT INTO requisition_line_items (id, rnrid, productcode, product, productdisplayorder, productcategory, productcategorydisplayorder, dispensingunit, beginningbalance, quantityreceived, quantitydispensed, stockinhand, quantityrequested, reasonforrequestedquantity, calculatedorderquantity, quantityapproved, totallossesandadjustments, newpatientcount, stockoutdays, normalizedconsumption, amc, maxmonthsofstock, maxstockquantity, packstoship, price, expirationdate, remarks, dosespermonth, dosesperdispensingunit, packsize, roundtozero, packroundingthreshold, fullsupply, skipped, reportingdays, createdby, createddate, modifiedby, modifieddate, previousnormalizedconsumptions, previousstockinhand, periodnormalizedconsumption) VALUES (76, 23, 'P12573', 'TDF/FTC/EFV tablet 300/200/600 mg', 2, 'Anti-retrovirals', 2, '30 tab bottle', 0, 1000, 400, 600, 800, 'Anticipated higher numbers of patients', 600, 600, 0, 0, 0, 400, 400, 3, 1200, 30, 29.6000, NULL, 'Budget limits', 120, 3, 20, false, 10, true, false, 30, 4, '2016-04-13 19:33:25.394895', 4, '2016-04-13 19:46:55.486299', '[]', NULL, 400);
INSERT INTO requisition_line_items (id, rnrid, productcode, product, productdisplayorder, productcategory, productcategorydisplayorder, dispensingunit, beginningbalance, quantityreceived, quantitydispensed, stockinhand, quantityrequested, reasonforrequestedquantity, calculatedorderquantity, quantityapproved, totallossesandadjustments, newpatientcount, stockoutdays, normalizedconsumption, amc, maxmonthsofstock, maxstockquantity, packstoship, price, expirationdate, remarks, dosespermonth, dosesperdispensingunit, packsize, roundtozero, packroundingthreshold, fullsupply, skipped, reportingdays, createdby, createddate, modifiedby, modifieddate, previousnormalizedconsumptions, previousstockinhand, periodnormalizedconsumption) VALUES (104, 28, 'A53007D', 'Co-Trimoxazole DS capsule 800/160 mg', 3, 'Antibiotics', 1, '10 tab strip', 0, 800, 600, 200, NULL, NULL, 1600, 1600, 0, 0, 0, 600, 600, 3, 1800, 80, 16.4000, NULL, NULL, 60, 10, 20, false, 5, true, false, 30, 4, '2016-04-14 18:27:37.095319', 4, '2016-04-14 18:29:19.135643', '[]', NULL, 600);
INSERT INTO requisition_line_items (id, rnrid, productcode, product, productdisplayorder, productcategory, productcategorydisplayorder, dispensingunit, beginningbalance, quantityreceived, quantitydispensed, stockinhand, quantityrequested, reasonforrequestedquantity, calculatedorderquantity, quantityapproved, totallossesandadjustments, newpatientcount, stockoutdays, normalizedconsumption, amc, maxmonthsofstock, maxstockquantity, packstoship, price, expirationdate, remarks, dosespermonth, dosesperdispensingunit, packsize, roundtozero, packroundingthreshold, fullsupply, skipped, reportingdays, createdby, createddate, modifiedby, modifieddate, previousnormalizedconsumptions, previousstockinhand, periodnormalizedconsumption) VALUES (105, 28, 'A41099', 'Doxycycline tablet 100 mg', 5, 'Antibiotics', 1, '12 tab strip', 30, 300, 310, 20, NULL, NULL, 910, 910, 0, 0, 0, 310, 310, 3, 930, 76, NULL, NULL, NULL, 90, 10, 12, false, 3, true, false, 30, 4, '2016-04-14 18:27:37.095319', 4, '2016-04-14 18:29:19.135643', '[]', NULL, 310);
INSERT INTO requisition_line_items (id, rnrid, productcode, product, productdisplayorder, productcategory, productcategorydisplayorder, dispensingunit, beginningbalance, quantityreceived, quantitydispensed, stockinhand, quantityrequested, reasonforrequestedquantity, calculatedorderquantity, quantityapproved, totallossesandadjustments, newpatientcount, stockoutdays, normalizedconsumption, amc, maxmonthsofstock, maxstockquantity, packstoship, price, expirationdate, remarks, dosespermonth, dosesperdispensingunit, packsize, roundtozero, packroundingthreshold, fullsupply, skipped, reportingdays, createdby, createddate, modifiedby, modifieddate, previousnormalizedconsumptions, previousstockinhand, periodnormalizedconsumption) VALUES (106, 28, 'P200563', 'Omeprazole tablet 20 mg', 6, 'Antacids', 5, 'each', 200, 200, 200, 200, NULL, NULL, 400, 400, 0, 0, 0, 200, 200, 3, 600, 80, NULL, NULL, NULL, 30, 15, 5, false, 4, true, false, 30, 4, '2016-04-14 18:27:37.095319', 4, '2016-04-14 18:29:19.135643', '[]', NULL, 200);
INSERT INTO requisition_line_items (id, rnrid, productcode, product, productdisplayorder, productcategory, productcategorydisplayorder, dispensingunit, beginningbalance, quantityreceived, quantitydispensed, stockinhand, quantityrequested, reasonforrequestedquantity, calculatedorderquantity, quantityapproved, totallossesandadjustments, newpatientcount, stockoutdays, normalizedconsumption, amc, maxmonthsofstock, maxstockquantity, packstoship, price, expirationdate, remarks, dosespermonth, dosesperdispensingunit, packsize, roundtozero, packroundingthreshold, fullsupply, skipped, reportingdays, createdby, createddate, modifiedby, modifieddate, previousnormalizedconsumptions, previousstockinhand, periodnormalizedconsumption) VALUES (107, 28, 'N-378013', 'Tramedol injection 50mg/ml mg', 2, 'Anti-pyretics', 7, 'each', 600, 300, 700, 200, NULL, NULL, 1900, 1900, 0, 0, 0, 700, 700, 3, 2100, 190, NULL, NULL, NULL, 1, 2, 10, false, 25, true, false, 30, 4, '2016-04-14 18:27:37.095319', 4, '2016-04-14 18:29:19.135643', '[]', NULL, 700);
INSERT INTO requisition_line_items (id, rnrid, productcode, product, productdisplayorder, productcategory, productcategorydisplayorder, dispensingunit, beginningbalance, quantityreceived, quantitydispensed, stockinhand, quantityrequested, reasonforrequestedquantity, calculatedorderquantity, quantityapproved, totallossesandadjustments, newpatientcount, stockoutdays, normalizedconsumption, amc, maxmonthsofstock, maxstockquantity, packstoship, price, expirationdate, remarks, dosespermonth, dosesperdispensingunit, packsize, roundtozero, packroundingthreshold, fullsupply, skipped, reportingdays, createdby, createddate, modifiedby, modifieddate, previousnormalizedconsumptions, previousstockinhand, periodnormalizedconsumption) VALUES (108, 28, 'P-228438', 'Diclofenac tablet 50 mg', 3, 'Anti-pyretics', 7, 'each', 500, 400, 700, 200, NULL, NULL, 1900, 1900, 0, 0, 0, 700, 700, 3, 2100, 19, NULL, NULL, NULL, 60, 1, 100, false, 50, true, false, 30, 4, '2016-04-14 18:27:37.095319', 4, '2016-04-14 18:29:19.135643', '[]', NULL, 700);
INSERT INTO requisition_line_items (id, rnrid, productcode, product, productdisplayorder, productcategory, productcategorydisplayorder, dispensingunit, beginningbalance, quantityreceived, quantitydispensed, stockinhand, quantityrequested, reasonforrequestedquantity, calculatedorderquantity, quantityapproved, totallossesandadjustments, newpatientcount, stockoutdays, normalizedconsumption, amc, maxmonthsofstock, maxstockquantity, packstoship, price, expirationdate, remarks, dosespermonth, dosesperdispensingunit, packsize, roundtozero, packroundingthreshold, fullsupply, skipped, reportingdays, createdby, createddate, modifiedby, modifieddate, previousnormalizedconsumptions, previousstockinhand, periodnormalizedconsumption) VALUES (55, 17, 'P10048', '3TC/AZT + NVP tablet 300/300/600 mg', 1, 'Anti-retrovirals', 2, '60 tab bottle', NULL, NULL, NULL, NULL, NULL, NULL, NULL, NULL, 0, 0, 0, NULL, NULL, 3, NULL, NULL, 61.3000, NULL, NULL, 60, 20, 50, false, 25, true, false, 11, 4, '2016-04-12 20:04:41.261447', 4, '2016-04-12 20:04:41.261447', '[]', NULL, NULL);
INSERT INTO requisition_line_items (id, rnrid, productcode, product, productdisplayorder, productcategory, productcategorydisplayorder, dispensingunit, beginningbalance, quantityreceived, quantitydispensed, stockinhand, quantityrequested, reasonforrequestedquantity, calculatedorderquantity, quantityapproved, totallossesandadjustments, newpatientcount, stockoutdays, normalizedconsumption, amc, maxmonthsofstock, maxstockquantity, packstoship, price, expirationdate, remarks, dosespermonth, dosesperdispensingunit, packsize, roundtozero, packroundingthreshold, fullsupply, skipped, reportingdays, createdby, createddate, modifiedby, modifieddate, previousnormalizedconsumptions, previousstockinhand, periodnormalizedconsumption) VALUES (56, 17, 'KM3375-2', 'Malaria Rapid Diagnostic Test card 1 each', 4, 'Test Kits', 6, 'each', NULL, NULL, NULL, NULL, NULL, NULL, NULL, NULL, 0, 0, 0, NULL, NULL, 3, NULL, NULL, NULL, NULL, NULL, 1, 1, 50, false, 20, true, false, 11, 4, '2016-04-12 20:04:41.261447', 4, '2016-04-12 20:04:41.261447', '[]', NULL, NULL);
INSERT INTO requisition_line_items (id, rnrid, productcode, product, productdisplayorder, productcategory, productcategorydisplayorder, dispensingunit, beginningbalance, quantityreceived, quantitydispensed, stockinhand, quantityrequested, reasonforrequestedquantity, calculatedorderquantity, quantityapproved, totallossesandadjustments, newpatientcount, stockoutdays, normalizedconsumption, amc, maxmonthsofstock, maxstockquantity, packstoship, price, expirationdate, remarks, dosespermonth, dosesperdispensingunit, packsize, roundtozero, packroundingthreshold, fullsupply, skipped, reportingdays, createdby, createddate, modifiedby, modifieddate, previousnormalizedconsumptions, previousstockinhand, periodnormalizedconsumption) VALUES (57, 17, 'N-378013', 'Tramedol injection 50mg/ml mg', 2, 'Anti-pyretics', 7, 'each', NULL, NULL, NULL, NULL, NULL, NULL, NULL, NULL, 0, 0, 0, NULL, NULL, 3, NULL, NULL, NULL, NULL, NULL, 1, 2, 10, false, 25, true, false, 11, 4, '2016-04-12 20:04:41.261447', 4, '2016-04-12 20:04:41.261447', '[]', NULL, NULL);
INSERT INTO requisition_line_items (id, rnrid, productcode, product, productdisplayorder, productcategory, productcategorydisplayorder, dispensingunit, beginningbalance, quantityreceived, quantitydispensed, stockinhand, quantityrequested, reasonforrequestedquantity, calculatedorderquantity, quantityapproved, totallossesandadjustments, newpatientcount, stockoutdays, normalizedconsumption, amc, maxmonthsofstock, maxstockquantity, packstoship, price, expirationdate, remarks, dosespermonth, dosesperdispensingunit, packsize, roundtozero, packroundingthreshold, fullsupply, skipped, reportingdays, createdby, createddate, modifiedby, modifieddate, previousnormalizedconsumptions, previousstockinhand, periodnormalizedconsumption) VALUES (58, 17, 'P-228438', 'Diclofenac tablet 50 mg', 3, 'Anti-pyretics', 7, 'each', NULL, NULL, NULL, NULL, NULL, NULL, NULL, NULL, 0, 0, 0, NULL, NULL, 3, NULL, NULL, NULL, NULL, NULL, 60, 1, 100, false, 50, true, false, 11, 4, '2016-04-12 20:04:41.261447', 4, '2016-04-12 20:04:41.261447', '[]', NULL, NULL);
INSERT INTO requisition_line_items (id, rnrid, productcode, product, productdisplayorder, productcategory, productcategorydisplayorder, dispensingunit, beginningbalance, quantityreceived, quantitydispensed, stockinhand, quantityrequested, reasonforrequestedquantity, calculatedorderquantity, quantityapproved, totallossesandadjustments, newpatientcount, stockoutdays, normalizedconsumption, amc, maxmonthsofstock, maxstockquantity, packstoship, price, expirationdate, remarks, dosespermonth, dosesperdispensingunit, packsize, roundtozero, packroundingthreshold, fullsupply, skipped, reportingdays, createdby, createddate, modifiedby, modifieddate, previousnormalizedconsumptions, previousstockinhand, periodnormalizedconsumption) VALUES (59, 17, 'P000833', 'Quinine Sulphate capsule 300 mg', 1, 'Anti-malarials', 8, 'each', NULL, NULL, NULL, NULL, NULL, NULL, NULL, NULL, 0, 0, 0, NULL, NULL, 3, NULL, NULL, NULL, NULL, NULL, 60, 1, 500, false, 200, true, false, 11, 4, '2016-04-12 20:04:41.261447', 4, '2016-04-12 20:04:41.261447', '[]', NULL, NULL);
INSERT INTO requisition_line_items (id, rnrid, productcode, product, productdisplayorder, productcategory, productcategorydisplayorder, dispensingunit, beginningbalance, quantityreceived, quantitydispensed, stockinhand, quantityrequested, reasonforrequestedquantity, calculatedorderquantity, quantityapproved, totallossesandadjustments, newpatientcount, stockoutdays, normalizedconsumption, amc, maxmonthsofstock, maxstockquantity, packstoship, price, expirationdate, remarks, dosespermonth, dosesperdispensingunit, packsize, roundtozero, packroundingthreshold, fullsupply, skipped, reportingdays, createdby, createddate, modifiedby, modifieddate, previousnormalizedconsumptions, previousstockinhand, periodnormalizedconsumption) VALUES (109, 29, 'A581453', 'Ampicillin PDR injection 500mg mg', 1, 'Antibiotics', 1, 'each', 10, 900, NULL, 150, 1500, 'Expecting patient surge next month', NULL, NULL, -50, 0, 10, NULL, NULL, 3, NULL, NULL, NULL, NULL, NULL, 3, 10, 50, false, 20, true, false, 30, 4, '2016-04-14 18:29:29.726812', 4, '2016-04-14 20:06:01.980503', '[290]', 10, NULL);
INSERT INTO requisition_line_items (id, rnrid, productcode, product, productdisplayorder, productcategory, productcategorydisplayorder, dispensingunit, beginningbalance, quantityreceived, quantitydispensed, stockinhand, quantityrequested, reasonforrequestedquantity, calculatedorderquantity, quantityapproved, totallossesandadjustments, newpatientcount, stockoutdays, normalizedconsumption, amc, maxmonthsofstock, maxstockquantity, packstoship, price, expirationdate, remarks, dosespermonth, dosesperdispensingunit, packsize, roundtozero, packroundingthreshold, fullsupply, skipped, reportingdays, createdby, createddate, modifiedby, modifieddate, previousnormalizedconsumptions, previousstockinhand, periodnormalizedconsumption) VALUES (110, 29, 'A427826', 'Ciproflaxin capsule 500 mg', 2, 'Antibiotics', 1, '10 tab strip', 500, 0, NULL, 0, NULL, NULL, NULL, NULL, 0, 0, 0, NULL, NULL, 3, NULL, NULL, NULL, NULL, NULL, 60, 10, 10, false, 5, true, false, 30, 4, '2016-04-14 18:29:29.726812', 4, '2016-04-14 20:06:01.980503', '[13500]', 500, NULL);
INSERT INTO requisition_line_items (id, rnrid, productcode, product, productdisplayorder, productcategory, productcategorydisplayorder, dispensingunit, beginningbalance, quantityreceived, quantitydispensed, stockinhand, quantityrequested, reasonforrequestedquantity, calculatedorderquantity, quantityapproved, totallossesandadjustments, newpatientcount, stockoutdays, normalizedconsumption, amc, maxmonthsofstock, maxstockquantity, packstoship, price, expirationdate, remarks, dosespermonth, dosesperdispensingunit, packsize, roundtozero, packroundingthreshold, fullsupply, skipped, reportingdays, createdby, createddate, modifiedby, modifieddate, previousnormalizedconsumptions, previousstockinhand, periodnormalizedconsumption) VALUES (111, 29, 'A53007D', 'Co-Trimoxazole DS capsule 800/160 mg', 3, 'Antibiotics', 1, '10 tab strip', 200, 0, NULL, 0, NULL, NULL, NULL, NULL, 0, 0, 0, NULL, NULL, 3, NULL, NULL, 16.4000, NULL, NULL, 60, 10, 20, false, 5, true, false, 30, 4, '2016-04-14 18:29:29.726812', 4, '2016-04-14 20:06:01.980503', '[600]', 200, NULL);
INSERT INTO requisition_line_items (id, rnrid, productcode, product, productdisplayorder, productcategory, productcategorydisplayorder, dispensingunit, beginningbalance, quantityreceived, quantitydispensed, stockinhand, quantityrequested, reasonforrequestedquantity, calculatedorderquantity, quantityapproved, totallossesandadjustments, newpatientcount, stockoutdays, normalizedconsumption, amc, maxmonthsofstock, maxstockquantity, packstoship, price, expirationdate, remarks, dosespermonth, dosesperdispensingunit, packsize, roundtozero, packroundingthreshold, fullsupply, skipped, reportingdays, createdby, createddate, modifiedby, modifieddate, previousnormalizedconsumptions, previousstockinhand, periodnormalizedconsumption) VALUES (112, 29, 'A41099', 'Doxycycline tablet 100 mg', 5, 'Antibiotics', 1, '12 tab strip', 20, 0, NULL, 0, NULL, NULL, NULL, NULL, 0, 0, 0, NULL, NULL, 3, NULL, NULL, NULL, NULL, NULL, 90, 10, 12, false, 3, true, false, 30, 4, '2016-04-14 18:29:29.726812', 4, '2016-04-14 20:06:01.980503', '[310]', 20, NULL);
INSERT INTO requisition_line_items (id, rnrid, productcode, product, productdisplayorder, productcategory, productcategorydisplayorder, dispensingunit, beginningbalance, quantityreceived, quantitydispensed, stockinhand, quantityrequested, reasonforrequestedquantity, calculatedorderquantity, quantityapproved, totallossesandadjustments, newpatientcount, stockoutdays, normalizedconsumption, amc, maxmonthsofstock, maxstockquantity, packstoship, price, expirationdate, remarks, dosespermonth, dosesperdispensingunit, packsize, roundtozero, packroundingthreshold, fullsupply, skipped, reportingdays, createdby, createddate, modifiedby, modifieddate, previousnormalizedconsumptions, previousstockinhand, periodnormalizedconsumption) VALUES (113, 29, 'P200563', 'Omeprazole tablet 20 mg', 6, 'Antacids', 5, 'each', 200, 0, NULL, 0, NULL, NULL, NULL, NULL, 0, 0, 0, NULL, NULL, 3, NULL, NULL, NULL, NULL, NULL, 30, 15, 5, false, 4, true, false, 30, 4, '2016-04-14 18:29:29.726812', 4, '2016-04-14 20:06:01.980503', '[200]', 200, NULL);
INSERT INTO requisition_line_items (id, rnrid, productcode, product, productdisplayorder, productcategory, productcategorydisplayorder, dispensingunit, beginningbalance, quantityreceived, quantitydispensed, stockinhand, quantityrequested, reasonforrequestedquantity, calculatedorderquantity, quantityapproved, totallossesandadjustments, newpatientcount, stockoutdays, normalizedconsumption, amc, maxmonthsofstock, maxstockquantity, packstoship, price, expirationdate, remarks, dosespermonth, dosesperdispensingunit, packsize, roundtozero, packroundingthreshold, fullsupply, skipped, reportingdays, createdby, createddate, modifiedby, modifieddate, previousnormalizedconsumptions, previousstockinhand, periodnormalizedconsumption) VALUES (114, 29, 'N-378013', 'Tramedol injection 50mg/ml mg', 2, 'Anti-pyretics', 7, 'each', 200, 0, NULL, 0, NULL, NULL, NULL, NULL, 0, 0, 0, NULL, NULL, 3, NULL, NULL, NULL, NULL, NULL, 1, 2, 10, false, 25, true, false, 30, 4, '2016-04-14 18:29:29.726812', 4, '2016-04-14 20:06:01.980503', '[700]', 200, NULL);
INSERT INTO requisition_line_items (id, rnrid, productcode, product, productdisplayorder, productcategory, productcategorydisplayorder, dispensingunit, beginningbalance, quantityreceived, quantitydispensed, stockinhand, quantityrequested, reasonforrequestedquantity, calculatedorderquantity, quantityapproved, totallossesandadjustments, newpatientcount, stockoutdays, normalizedconsumption, amc, maxmonthsofstock, maxstockquantity, packstoship, price, expirationdate, remarks, dosespermonth, dosesperdispensingunit, packsize, roundtozero, packroundingthreshold, fullsupply, skipped, reportingdays, createdby, createddate, modifiedby, modifieddate, previousnormalizedconsumptions, previousstockinhand, periodnormalizedconsumption) VALUES (98, 27, 'A41099', 'Doxycycline tablet 100 mg', 3, 'Malaria Prophylaxis', 3, '12 tab strip', 200, 140, 100, 180, 100, 'amc', NULL, NULL, -60, 0, 0, 100, NULL, 3, NULL, 9, NULL, NULL, NULL, 90, 10, 12, false, 3, true, false, 30, 4, '2016-04-13 19:55:21.991611', 4, '2016-04-15 17:54:49.279497', '[]', NULL, 100);
INSERT INTO requisition_line_items (id, rnrid, productcode, product, productdisplayorder, productcategory, productcategorydisplayorder, dispensingunit, beginningbalance, quantityreceived, quantitydispensed, stockinhand, quantityrequested, reasonforrequestedquantity, calculatedorderquantity, quantityapproved, totallossesandadjustments, newpatientcount, stockoutdays, normalizedconsumption, amc, maxmonthsofstock, maxstockquantity, packstoship, price, expirationdate, remarks, dosespermonth, dosesperdispensingunit, packsize, roundtozero, packroundingthreshold, fullsupply, skipped, reportingdays, createdby, createddate, modifiedby, modifieddate, previousnormalizedconsumptions, previousstockinhand, periodnormalizedconsumption) VALUES (99, 27, 'S00056L', 'Gloves, surgical latex, powdered pair size 7 each', 5, 'Gloves and Protective Gear', 4, 'each', NULL, NULL, NULL, NULL, NULL, NULL, NULL, NULL, 0, 0, 0, NULL, NULL, 3, NULL, NULL, NULL, NULL, NULL, 1, 1, 100, false, 25, true, true, 30, 4, '2016-04-13 19:55:21.991611', 4, '2016-04-15 17:54:49.279497', '[]', NULL, NULL);
INSERT INTO requisition_line_items (id, rnrid, productcode, product, productdisplayorder, productcategory, productcategorydisplayorder, dispensingunit, beginningbalance, quantityreceived, quantitydispensed, stockinhand, quantityrequested, reasonforrequestedquantity, calculatedorderquantity, quantityapproved, totallossesandadjustments, newpatientcount, stockoutdays, normalizedconsumption, amc, maxmonthsofstock, maxstockquantity, packstoship, price, expirationdate, remarks, dosespermonth, dosesperdispensingunit, packsize, roundtozero, packroundingthreshold, fullsupply, skipped, reportingdays, createdby, createddate, modifiedby, modifieddate, previousnormalizedconsumptions, previousstockinhand, periodnormalizedconsumption) VALUES (100, 27, 'KM3375-2', 'Malaria Rapid Diagnostic Test card 1 each', 4, 'Test Kits', 6, 'each', NULL, NULL, NULL, NULL, NULL, NULL, NULL, NULL, 0, 0, 0, NULL, NULL, 3, NULL, NULL, NULL, NULL, NULL, 1, 1, 50, false, 20, true, true, 30, 4, '2016-04-13 19:55:21.991611', 4, '2016-04-15 17:54:49.279497', '[]', NULL, NULL);
INSERT INTO requisition_line_items (id, rnrid, productcode, product, productdisplayorder, productcategory, productcategorydisplayorder, dispensingunit, beginningbalance, quantityreceived, quantitydispensed, stockinhand, quantityrequested, reasonforrequestedquantity, calculatedorderquantity, quantityapproved, totallossesandadjustments, newpatientcount, stockoutdays, normalizedconsumption, amc, maxmonthsofstock, maxstockquantity, packstoship, price, expirationdate, remarks, dosespermonth, dosesperdispensingunit, packsize, roundtozero, packroundingthreshold, fullsupply, skipped, reportingdays, createdby, createddate, modifiedby, modifieddate, previousnormalizedconsumptions, previousstockinhand, periodnormalizedconsumption) VALUES (101, 27, 'P000833', 'Quinine Sulphate capsule 300 mg', 1, 'Anti-malarials', 8, 'each', NULL, NULL, NULL, NULL, NULL, NULL, NULL, NULL, 0, 0, 0, NULL, NULL, 3, NULL, NULL, NULL, NULL, NULL, 60, 1, 500, false, 200, true, true, 30, 4, '2016-04-13 19:55:21.991611', 4, '2016-04-15 17:54:49.279497', '[]', NULL, NULL);
INSERT INTO requisition_line_items (id, rnrid, productcode, product, productdisplayorder, productcategory, productcategorydisplayorder, dispensingunit, beginningbalance, quantityreceived, quantitydispensed, stockinhand, quantityrequested, reasonforrequestedquantity, calculatedorderquantity, quantityapproved, totallossesandadjustments, newpatientcount, stockoutdays, normalizedconsumption, amc, maxmonthsofstock, maxstockquantity, packstoship, price, expirationdate, remarks, dosespermonth, dosesperdispensingunit, packsize, roundtozero, packroundingthreshold, fullsupply, skipped, reportingdays, createdby, createddate, modifiedby, modifieddate, previousnormalizedconsumptions, previousstockinhand, periodnormalizedconsumption) VALUES (115, 29, 'P-228438', 'Diclofenac tablet 50 mg', 3, 'Anti-pyretics', 7, 'each', 200, 0, NULL, 0, NULL, NULL, NULL, NULL, 0, 0, 0, NULL, NULL, 3, NULL, NULL, NULL, NULL, NULL, 60, 1, 100, false, 50, true, false, 30, 4, '2016-04-14 18:29:29.726812', 4, '2016-04-14 20:06:01.980503', '[700]', 200, NULL);
INSERT INTO requisition_line_items (id, rnrid, productcode, product, productdisplayorder, productcategory, productcategorydisplayorder, dispensingunit, beginningbalance, quantityreceived, quantitydispensed, stockinhand, quantityrequested, reasonforrequestedquantity, calculatedorderquantity, quantityapproved, totallossesandadjustments, newpatientcount, stockoutdays, normalizedconsumption, amc, maxmonthsofstock, maxstockquantity, packstoship, price, expirationdate, remarks, dosespermonth, dosesperdispensingunit, packsize, roundtozero, packroundingthreshold, fullsupply, skipped, reportingdays, createdby, createddate, modifiedby, modifieddate, previousnormalizedconsumptions, previousstockinhand, periodnormalizedconsumption) VALUES (134, 33, 'C100', 'Levora tablet 30/150 mg', 1, 'Oral Contraceptive', 1, 'Pack of 84', 500, 2000, 1500, 1000, NULL, NULL, 3500, 3500, 0, 0, 0, 1500, 1500, 3, 4500, 42, NULL, NULL, NULL, 1, 84, 84, false, 1, true, false, 30, 4, '2016-04-16 04:44:45.34509', 4, '2016-04-16 04:55:42.072414', '[]', NULL, 1500);
INSERT INTO requisition_line_items (id, rnrid, productcode, product, productdisplayorder, productcategory, productcategorydisplayorder, dispensingunit, beginningbalance, quantityreceived, quantitydispensed, stockinhand, quantityrequested, reasonforrequestedquantity, calculatedorderquantity, quantityapproved, totallossesandadjustments, newpatientcount, stockoutdays, normalizedconsumption, amc, maxmonthsofstock, maxstockquantity, packstoship, price, expirationdate, remarks, dosespermonth, dosesperdispensingunit, packsize, roundtozero, packroundingthreshold, fullsupply, skipped, reportingdays, createdby, createddate, modifiedby, modifieddate, previousnormalizedconsumptions, previousstockinhand, periodnormalizedconsumption) VALUES (135, 33, 'C200', 'Ortho-Novum tablet 35/1 mcg', 1, 'Oral Contraceptive', 1, 'Pack of 63', 200, 2000, 2000, 200, NULL, NULL, 5800, 5800, 0, 0, 0, 2000, 2000, 3, 6000, 93, NULL, NULL, NULL, 1, 63, 63, false, 1, true, false, 30, 4, '2016-04-16 04:44:45.34509', 4, '2016-04-16 04:55:42.072414', '[]', NULL, 2000);
INSERT INTO requisition_line_items (id, rnrid, productcode, product, productdisplayorder, productcategory, productcategorydisplayorder, dispensingunit, beginningbalance, quantityreceived, quantitydispensed, stockinhand, quantityrequested, reasonforrequestedquantity, calculatedorderquantity, quantityapproved, totallossesandadjustments, newpatientcount, stockoutdays, normalizedconsumption, amc, maxmonthsofstock, maxstockquantity, packstoship, price, expirationdate, remarks, dosespermonth, dosesperdispensingunit, packsize, roundtozero, packroundingthreshold, fullsupply, skipped, reportingdays, createdby, createddate, modifiedby, modifieddate, previousnormalizedconsumptions, previousstockinhand, periodnormalizedconsumption) VALUES (136, 33, 'C400', 'Male Condom Latex sheath  each', 2, 'Barrier Method', 2, '1 condom', 500, 1000, 200, 1300, NULL, NULL, 0, 0, 0, 0, 0, 200, 200, 3, 600, 1, NULL, NULL, NULL, 1, 1, 1, false, 1, true, false, 30, 4, '2016-04-16 04:44:45.34509', 4, '2016-04-16 04:55:42.072414', '[]', NULL, 200);
INSERT INTO requisition_line_items (id, rnrid, productcode, product, productdisplayorder, productcategory, productcategorydisplayorder, dispensingunit, beginningbalance, quantityreceived, quantitydispensed, stockinhand, quantityrequested, reasonforrequestedquantity, calculatedorderquantity, quantityapproved, totallossesandadjustments, newpatientcount, stockoutdays, normalizedconsumption, amc, maxmonthsofstock, maxstockquantity, packstoship, price, expirationdate, remarks, dosespermonth, dosesperdispensingunit, packsize, roundtozero, packroundingthreshold, fullsupply, skipped, reportingdays, createdby, createddate, modifiedby, modifieddate, previousnormalizedconsumptions, previousstockinhand, periodnormalizedconsumption) VALUES (137, 33, 'C500', 'Implanon Single rod 68 mg', 3, 'Implantable Contraceptive', 3, '1 rod', 100, 200, 100, 200, NULL, NULL, 100, 100, 0, 0, 0, 100, 100, 3, 300, 100, NULL, NULL, NULL, 1, 1, 1, false, 1, true, false, 30, 4, '2016-04-16 04:44:45.34509', 4, '2016-04-16 04:55:42.072414', '[]', NULL, 100);
INSERT INTO requisition_line_items (id, rnrid, productcode, product, productdisplayorder, productcategory, productcategorydisplayorder, dispensingunit, beginningbalance, quantityreceived, quantitydispensed, stockinhand, quantityrequested, reasonforrequestedquantity, calculatedorderquantity, quantityapproved, totallossesandadjustments, newpatientcount, stockoutdays, normalizedconsumption, amc, maxmonthsofstock, maxstockquantity, packstoship, price, expirationdate, remarks, dosespermonth, dosesperdispensingunit, packsize, roundtozero, packroundingthreshold, fullsupply, skipped, reportingdays, createdby, createddate, modifiedby, modifieddate, previousnormalizedconsumptions, previousstockinhand, periodnormalizedconsumption) VALUES (138, 33, 'C600', 'Levonorgestrel Two rod 150 mg', 3, 'Implantable Contraceptive', 3, '2 rods', 150, 300, 200, 250, NULL, NULL, 350, 350, 0, 0, 0, 200, 200, 3, 600, 350, NULL, NULL, NULL, 1, 1, 1, false, 1, true, false, 30, 4, '2016-04-16 04:44:45.34509', 4, '2016-04-16 04:55:42.072414', '[]', NULL, 200);
INSERT INTO requisition_line_items (id, rnrid, productcode, product, productdisplayorder, productcategory, productcategorydisplayorder, dispensingunit, beginningbalance, quantityreceived, quantitydispensed, stockinhand, quantityrequested, reasonforrequestedquantity, calculatedorderquantity, quantityapproved, totallossesandadjustments, newpatientcount, stockoutdays, normalizedconsumption, amc, maxmonthsofstock, maxstockquantity, packstoship, price, expirationdate, remarks, dosespermonth, dosesperdispensingunit, packsize, roundtozero, packroundingthreshold, fullsupply, skipped, reportingdays, createdby, createddate, modifiedby, modifieddate, previousnormalizedconsumptions, previousstockinhand, periodnormalizedconsumption) VALUES (139, 33, 'C300', 'Depo-Estradiol injection 5/25 mg', 4, 'Injectable Hormonal Contraceptive', 4, '1 injection', 100, 300, 300, 100, NULL, NULL, 800, 800, 0, 0, 0, 300, 300, 3, 900, 800, NULL, NULL, NULL, 1, 1, 1, false, 1, true, false, 30, 4, '2016-04-16 04:44:45.34509', 4, '2016-04-16 04:55:42.072414', '[]', NULL, 300);



INSERT INTO requisition_line_item_losses_adjustments (requisitionlineitemid, type, quantity, createdby, createddate, modifiedby, modifieddate) VALUES (75, 'TRANSFER_IN', 50, NULL, '2016-04-13 19:46:52.658654', 4, '2016-04-13 19:46:52.658654');
INSERT INTO requisition_line_item_losses_adjustments (requisitionlineitemid, type, quantity, createdby, createddate, modifiedby, modifieddate) VALUES (75, 'DAMAGED', 20, NULL, '2016-04-13 19:46:52.658654', 4, '2016-04-13 19:46:52.658654');
INSERT INTO requisition_line_item_losses_adjustments (requisitionlineitemid, type, quantity, createdby, createddate, modifiedby, modifieddate) VALUES (109, 'EXPIRED', 100, NULL, '2016-04-14 20:06:01.980503', 4, '2016-04-14 20:06:01.980503');
INSERT INTO requisition_line_item_losses_adjustments (requisitionlineitemid, type, quantity, createdby, createddate, modifiedby, modifieddate) VALUES (109, 'TRANSFER_IN', 50, NULL, '2016-04-14 20:06:01.980503', 4, '2016-04-14 20:06:01.980503');
INSERT INTO requisition_line_item_losses_adjustments (requisitionlineitemid, type, quantity, createdby, createddate, modifiedby, modifieddate) VALUES (98, 'EXPIRED', 60, NULL, '2016-04-15 17:54:49.279497', 4, '2016-04-15 17:54:49.279497');



SELECT pg_catalog.setval('requisition_line_items_id_seq', 145, true);



INSERT INTO requisition_status_changes (id, rnrid, status, createdby, createddate, modifiedby, modifieddate, username) VALUES (13, 13, 'INITIATED', 4, '2016-04-12 18:36:01.691313', 4, '2016-04-12 18:36:01.691313', NULL);
INSERT INTO requisition_status_changes (id, rnrid, status, createdby, createddate, modifiedby, modifieddate, username) VALUES (17, 17, 'INITIATED', 4, '2016-04-12 20:04:41.261447', 4, '2016-04-12 20:04:41.261447', NULL);
INSERT INTO requisition_status_changes (id, rnrid, status, createdby, createddate, modifiedby, modifieddate, username) VALUES (18, 13, 'SUBMITTED', 2, '2016-04-13 00:35:34.877147', 2, '2016-04-13 00:35:34.877147', NULL);
INSERT INTO requisition_status_changes (id, rnrid, status, createdby, createddate, modifiedby, modifieddate, username) VALUES (19, 13, 'AUTHORIZED', 2, '2016-04-13 00:35:40.165951', 2, '2016-04-13 00:35:40.165951', NULL);
INSERT INTO requisition_status_changes (id, rnrid, status, createdby, createddate, modifiedby, modifieddate, username) VALUES (20, 13, 'APPROVED', 2, '2016-04-13 00:35:51.356623', 2, '2016-04-13 00:35:51.356623', NULL);
INSERT INTO requisition_status_changes (id, rnrid, status, createdby, createddate, modifiedby, modifieddate, username) VALUES (21, 13, 'RELEASED', 2, '2016-04-13 00:36:02.253804', 2, '2016-04-13 00:36:02.253804', NULL);
INSERT INTO requisition_status_changes (id, rnrid, status, createdby, createddate, modifiedby, modifieddate, username) VALUES (27, 23, 'INITIATED', 4, '2016-04-13 19:33:25.394895', 4, '2016-04-13 19:33:25.394895', NULL);
INSERT INTO requisition_status_changes (id, rnrid, status, createdby, createddate, modifiedby, modifieddate, username) VALUES (28, 23, 'SUBMITTED', 4, '2016-04-13 19:42:39.502122', 4, '2016-04-13 19:42:39.502122', NULL);
INSERT INTO requisition_status_changes (id, rnrid, status, createdby, createddate, modifiedby, modifieddate, username) VALUES (29, 23, 'AUTHORIZED', 4, '2016-04-13 19:43:14.258372', 4, '2016-04-13 19:43:14.258372', NULL);
INSERT INTO requisition_status_changes (id, rnrid, status, createdby, createddate, modifiedby, modifieddate, username) VALUES (30, 23, 'APPROVED', 4, '2016-04-13 19:46:55.486299', 4, '2016-04-13 19:46:55.486299', NULL);
INSERT INTO requisition_status_changes (id, rnrid, status, createdby, createddate, modifiedby, modifieddate, username) VALUES (34, 27, 'INITIATED', 4, '2016-04-13 19:55:21.991611', 4, '2016-04-13 19:55:21.991611', NULL);
INSERT INTO requisition_status_changes (id, rnrid, status, createdby, createddate, modifiedby, modifieddate, username) VALUES (35, 28, 'INITIATED', 4, '2016-04-14 18:27:37.095319', 4, '2016-04-14 18:27:37.095319', NULL);
INSERT INTO requisition_status_changes (id, rnrid, status, createdby, createddate, modifiedby, modifieddate, username) VALUES (36, 28, 'SUBMITTED', 4, '2016-04-14 18:29:15.025418', 4, '2016-04-14 18:29:15.025418', NULL);
INSERT INTO requisition_status_changes (id, rnrid, status, createdby, createddate, modifiedby, modifieddate, username) VALUES (37, 28, 'AUTHORIZED', 4, '2016-04-14 18:29:19.135643', 4, '2016-04-14 18:29:19.135643', NULL);
INSERT INTO requisition_status_changes (id, rnrid, status, createdby, createddate, modifiedby, modifieddate, username) VALUES (38, 29, 'INITIATED', 4, '2016-04-14 18:29:29.726812', 4, '2016-04-14 18:29:29.726812', NULL);
INSERT INTO requisition_status_changes (id, rnrid, status, createdby, createddate, modifiedby, modifieddate, username) VALUES (39, 27, 'SUBMITTED', 4, '2016-04-15 17:54:49.279497', 4, '2016-04-15 17:54:49.279497', NULL);
INSERT INTO requisition_status_changes (id, rnrid, status, createdby, createddate, modifiedby, modifieddate, username) VALUES (43, 33, 'INITIATED', 4, '2016-04-16 04:44:45.34509', 4, '2016-04-16 04:44:45.34509', NULL);
INSERT INTO requisition_status_changes (id, rnrid, status, createdby, createddate, modifiedby, modifieddate, username) VALUES (44, 33, 'SUBMITTED', 4, '2016-04-16 04:46:29.535161', 4, '2016-04-16 04:46:29.535161', NULL);
INSERT INTO requisition_status_changes (id, rnrid, status, createdby, createddate, modifiedby, modifieddate, username) VALUES (45, 33, 'AUTHORIZED', 4, '2016-04-16 04:55:26.686267', 4, '2016-04-16 04:55:26.686267', NULL);
INSERT INTO requisition_status_changes (id, rnrid, status, createdby, createddate, modifiedby, modifieddate, username) VALUES (46, 33, 'APPROVED', 4, '2016-04-16 04:55:42.072414', 4, '2016-04-16 04:55:42.072414', NULL);



SELECT pg_catalog.setval('requisition_status_changes_id_seq', 47, true);



SELECT pg_catalog.setval('requisitions_id_seq', 34, true);



INSERT INTO role_assignments (id, userid, roleid, programid, supervisorynodeid, deliveryzoneid) VALUES (3, 2, 2, NULL, NULL, NULL);
INSERT INTO role_assignments (id, userid, roleid, programid, supervisorynodeid, deliveryzoneid) VALUES (4, 2, 4, 4, NULL, 1);
INSERT INTO role_assignments (id, userid, roleid, programid, supervisorynodeid, deliveryzoneid) VALUES (5, 2, 4, 4, NULL, 2);
INSERT INTO role_assignments (id, userid, roleid, programid, supervisorynodeid, deliveryzoneid) VALUES (6, 2, 5, 1, NULL, NULL);
INSERT INTO role_assignments (id, userid, roleid, programid, supervisorynodeid, deliveryzoneid) VALUES (7, 2, 5, 2, NULL, NULL);
INSERT INTO role_assignments (id, userid, roleid, programid, supervisorynodeid, deliveryzoneid) VALUES (8, 2, 5, 3, NULL, NULL);
INSERT INTO role_assignments (id, userid, roleid, programid, supervisorynodeid, deliveryzoneid) VALUES (9, 2, 5, 1, 3, NULL);
INSERT INTO role_assignments (id, userid, roleid, programid, supervisorynodeid, deliveryzoneid) VALUES (10, 2, 5, 1, 1, NULL);
INSERT INTO role_assignments (id, userid, roleid, programid, supervisorynodeid, deliveryzoneid) VALUES (11, 2, 5, 1, 2, NULL);
INSERT INTO role_assignments (id, userid, roleid, programid, supervisorynodeid, deliveryzoneid) VALUES (12, 2, 5, 2, 3, NULL);
INSERT INTO role_assignments (id, userid, roleid, programid, supervisorynodeid, deliveryzoneid) VALUES (13, 2, 5, 2, 1, NULL);
INSERT INTO role_assignments (id, userid, roleid, programid, supervisorynodeid, deliveryzoneid) VALUES (14, 2, 5, 2, 2, NULL);
INSERT INTO role_assignments (id, userid, roleid, programid, supervisorynodeid, deliveryzoneid) VALUES (15, 2, 5, 3, 3, NULL);
INSERT INTO role_assignments (id, userid, roleid, programid, supervisorynodeid, deliveryzoneid) VALUES (16, 2, 5, 3, 1, NULL);
INSERT INTO role_assignments (id, userid, roleid, programid, supervisorynodeid, deliveryzoneid) VALUES (17, 2, 5, 3, 2, NULL);
INSERT INTO role_assignments (id, userid, roleid, programid, supervisorynodeid, deliveryzoneid) VALUES (18, 3, 1, NULL, NULL, NULL);
INSERT INTO role_assignments (id, userid, roleid, programid, supervisorynodeid, deliveryzoneid) VALUES (19, 3, 3, NULL, NULL, NULL);
INSERT INTO role_assignments (id, userid, roleid, programid, supervisorynodeid, deliveryzoneid) VALUES (37, 1, 1, NULL, NULL, NULL);
INSERT INTO role_assignments (id, userid, roleid, programid, supervisorynodeid, deliveryzoneid) VALUES (90, 4, 5, 3, NULL, NULL);
INSERT INTO role_assignments (id, userid, roleid, programid, supervisorynodeid, deliveryzoneid) VALUES (91, 4, 5, 1, NULL, NULL);
INSERT INTO role_assignments (id, userid, roleid, programid, supervisorynodeid, deliveryzoneid) VALUES (92, 4, 5, 2, NULL, NULL);
INSERT INTO role_assignments (id, userid, roleid, programid, supervisorynodeid, deliveryzoneid) VALUES (93, 4, 5, 5, NULL, NULL);
INSERT INTO role_assignments (id, userid, roleid, programid, supervisorynodeid, deliveryzoneid) VALUES (94, 4, 5, 5, 2, NULL);
INSERT INTO role_assignments (id, userid, roleid, programid, supervisorynodeid, deliveryzoneid) VALUES (95, 4, 5, 1, 1, NULL);
INSERT INTO role_assignments (id, userid, roleid, programid, supervisorynodeid, deliveryzoneid) VALUES (96, 4, 5, 1, 2, NULL);
INSERT INTO role_assignments (id, userid, roleid, programid, supervisorynodeid, deliveryzoneid) VALUES (97, 4, 5, 2, 3, NULL);
INSERT INTO role_assignments (id, userid, roleid, programid, supervisorynodeid, deliveryzoneid) VALUES (98, 4, 5, 1, 3, NULL);
INSERT INTO role_assignments (id, userid, roleid, programid, supervisorynodeid, deliveryzoneid) VALUES (99, 4, 5, 2, 1, NULL);
INSERT INTO role_assignments (id, userid, roleid, programid, supervisorynodeid, deliveryzoneid) VALUES (100, 4, 5, 2, 2, NULL);
INSERT INTO role_assignments (id, userid, roleid, programid, supervisorynodeid, deliveryzoneid) VALUES (101, 4, 5, 3, 1, NULL);
INSERT INTO role_assignments (id, userid, roleid, programid, supervisorynodeid, deliveryzoneid) VALUES (102, 4, 5, 3, 2, NULL);
INSERT INTO role_assignments (id, userid, roleid, programid, supervisorynodeid, deliveryzoneid) VALUES (103, 4, 5, 3, 3, NULL);
INSERT INTO role_assignments (id, userid, roleid, programid, supervisorynodeid, deliveryzoneid) VALUES (104, 4, 5, 5, 1, NULL);
INSERT INTO role_assignments (id, userid, roleid, programid, supervisorynodeid, deliveryzoneid) VALUES (105, 4, 4, 4, NULL, 1);
INSERT INTO role_assignments (id, userid, roleid, programid, supervisorynodeid, deliveryzoneid) VALUES (106, 4, 4, 4, NULL, 2);
INSERT INTO role_assignments (id, userid, roleid, programid, supervisorynodeid, deliveryzoneid) VALUES (107, 4, 1, NULL, NULL, NULL);
INSERT INTO role_assignments (id, userid, roleid, programid, supervisorynodeid, deliveryzoneid) VALUES (108, 4, 3, NULL, NULL, NULL);



SELECT pg_catalog.setval('role_assignments_id_seq', 108, true);


INSERT INTO role_rights (roleid, rightname, createdby, createddate) VALUES (1, 'MANAGE_GEOGRAPHIC_ZONE', NULL, '2016-02-05 11:22:43.144');
INSERT INTO role_rights (roleid, rightname, createdby, createddate) VALUES (1, 'MANAGE_SUPPLY_LINE', NULL, '2016-02-05 11:22:43.144');
INSERT INTO role_rights (roleid, rightname, createdby, createddate) VALUES (1, 'MANAGE_FACILITY_APPROVED_PRODUCT', NULL, '2016-02-05 11:22:43.144');
INSERT INTO role_rights (roleid, rightname, createdby, createddate) VALUES (1, 'MANAGE_PRODUCT', NULL, '2016-02-05 11:22:43.144');
INSERT INTO role_rights (roleid, rightname, createdby, createddate) VALUES (1, 'MANAGE_REQUISITION_GROUP', NULL, '2016-02-05 11:22:43.144');
INSERT INTO role_rights (roleid, rightname, createdby, createddate) VALUES (1, 'MANAGE_SUPERVISORY_NODE', NULL, '2016-02-05 11:22:43.144');
INSERT INTO role_rights (roleid, rightname, createdby, createddate) VALUES (1, 'MANAGE_SETTING', NULL, '2016-02-05 11:22:43.144');
INSERT INTO role_rights (roleid, rightname, createdby, createddate) VALUES (1, 'MANAGE_EQUIPMENT_SETTINGS', NULL, '2016-02-05 11:22:43.144');
INSERT INTO role_rights (roleid, rightname, createdby, createddate) VALUES (3, 'MANAGE_REPORT', NULL, '2016-02-05 11:22:43.15');
INSERT INTO role_rights (roleid, rightname, createdby, createddate) VALUES (3, 'Facilities Missing Supporting Requisition Group', NULL, '2016-02-05 11:22:43.15');
INSERT INTO role_rights (roleid, rightname, createdby, createddate) VALUES (3, 'Facilities Missing Create Requisition Role', NULL, '2016-02-05 11:22:43.15');
INSERT INTO role_rights (roleid, rightname, createdby, createddate) VALUES (3, 'Facilities Missing Authorize Requisition Role', NULL, '2016-02-05 11:22:43.15');
INSERT INTO role_rights (roleid, rightname, createdby, createddate) VALUES (3, 'Supervisory Nodes Missing Approve Requisition Role', NULL, '2016-02-05 11:22:43.15');
INSERT INTO role_rights (roleid, rightname, createdby, createddate) VALUES (3, 'Requisition Groups Missing Supply Line', NULL, '2016-02-05 11:22:43.15');
INSERT INTO role_rights (roleid, rightname, createdby, createddate) VALUES (3, 'Order Routing Inconsistencies', NULL, '2016-02-05 11:22:43.15');
INSERT INTO role_rights (roleid, rightname, createdby, createddate) VALUES (3, 'Delivery Zones Missing Manage Distribution Role', NULL, '2016-02-05 11:22:43.15');
INSERT INTO role_rights (roleid, rightname, createdby, createddate) VALUES (4, 'MANAGE_DISTRIBUTION', NULL, '2016-02-05 11:22:43.238');
INSERT INTO role_rights (roleid, rightname, createdby, createddate) VALUES (5, 'VIEW_REQUISITION', NULL, '2016-02-05 11:22:43.24');
INSERT INTO role_rights (roleid, rightname, createdby, createddate) VALUES (5, 'CREATE_REQUISITION', NULL, '2016-02-05 11:22:43.24');
INSERT INTO role_rights (roleid, rightname, createdby, createddate) VALUES (5, 'AUTHORIZE_REQUISITION', NULL, '2016-02-05 11:22:43.24');
INSERT INTO role_rights (roleid, rightname, createdby, createddate) VALUES (5, 'APPROVE_REQUISITION', NULL, '2016-02-05 11:22:43.24');
INSERT INTO role_rights (roleid, rightname, createdby, createddate) VALUES (5, 'DELETE_REQUISITION', NULL, '2016-02-05 11:22:43.24');
INSERT INTO role_rights (roleid, rightname, createdby, createddate) VALUES (5, 'MANAGE_EQUIPMENT_INVENTORY', NULL, '2016-02-05 11:22:43.24');
INSERT INTO role_rights (roleid, rightname, createdby, createddate) VALUES (5, 'VIEW_STOCK_ON_HAND', NULL, '2016-02-05 11:22:43.24');
INSERT INTO role_rights (roleid, rightname, createdby, createddate) VALUES (5, 'MANAGE_SUPERVISED_EQUIPMENTS', NULL, '2016-02-05 11:22:43.24');
INSERT INTO role_rights (roleid, rightname, createdby, createddate) VALUES (5, 'MANAGE_STOCK', NULL, '2016-02-05 11:22:43.24');
INSERT INTO role_rights (roleid, rightname, createdby, createddate) VALUES (6, 'CONVERT_TO_ORDER', NULL, '2016-02-05 11:22:43.243');
INSERT INTO role_rights (roleid, rightname, createdby, createddate) VALUES (6, 'VIEW_ORDER', NULL, '2016-02-05 11:22:43.243');
INSERT INTO role_rights (roleid, rightname, createdby, createddate) VALUES (6, 'FACILITY_FILL_SHIPMENT', NULL, '2016-02-05 11:22:43.243');
INSERT INTO role_rights (roleid, rightname, createdby, createddate) VALUES (6, 'MANAGE_POD', NULL, '2016-02-05 11:22:43.243');



SELECT pg_catalog.setval('roles_id_seq', 6, true);



SELECT pg_catalog.setval('supervisory_nodes_id_seq', 3, true);



SELECT pg_catalog.setval('supply_lines_id_seq', 6, true);



SELECT pg_catalog.setval('users_id_seq', 4, true);



INSERT INTO vaccination_adult_coverage_line_items (id, facilityvisitid, demographicgroup, targetgroup, createdby, createddate, modifiedby, modifieddate, healthcentertetanus1, outreachtetanus1, healthcentertetanus2to5, outreachtetanus2to5) VALUES (1, 1, 'Pregnant Women', NULL, 4, '2016-04-14 18:32:54.609314', 4, '2016-04-14 18:32:54.609314', NULL, NULL, NULL, NULL);
INSERT INTO vaccination_adult_coverage_line_items (id, facilityvisitid, demographicgroup, targetgroup, createdby, createddate, modifiedby, modifieddate, healthcentertetanus1, outreachtetanus1, healthcentertetanus2to5, outreachtetanus2to5) VALUES (2, 1, 'MIF 15-49 years - Community', NULL, 4, '2016-04-14 18:32:54.609314', 4, '2016-04-14 18:32:54.609314', NULL, NULL, NULL, NULL);
INSERT INTO vaccination_adult_coverage_line_items (id, facilityvisitid, demographicgroup, targetgroup, createdby, createddate, modifiedby, modifieddate, healthcentertetanus1, outreachtetanus1, healthcentertetanus2to5, outreachtetanus2to5) VALUES (3, 1, 'MIF 15-49 years - Students', NULL, 4, '2016-04-14 18:32:54.609314', 4, '2016-04-14 18:32:54.609314', NULL, NULL, NULL, NULL);
INSERT INTO vaccination_adult_coverage_line_items (id, facilityvisitid, demographicgroup, targetgroup, createdby, createddate, modifiedby, modifieddate, healthcentertetanus1, outreachtetanus1, healthcentertetanus2to5, outreachtetanus2to5) VALUES (4, 1, 'MIF 15-49 years - Workers', NULL, 4, '2016-04-14 18:32:54.609314', 4, '2016-04-14 18:32:54.609314', NULL, NULL, NULL, NULL);
INSERT INTO vaccination_adult_coverage_line_items (id, facilityvisitid, demographicgroup, targetgroup, createdby, createddate, modifiedby, modifieddate, healthcentertetanus1, outreachtetanus1, healthcentertetanus2to5, outreachtetanus2to5) VALUES (5, 1, 'Students not MIF', NULL, 4, '2016-04-14 18:32:54.609314', 4, '2016-04-14 18:32:54.609314', NULL, NULL, NULL, NULL);
INSERT INTO vaccination_adult_coverage_line_items (id, facilityvisitid, demographicgroup, targetgroup, createdby, createddate, modifiedby, modifieddate, healthcentertetanus1, outreachtetanus1, healthcentertetanus2to5, outreachtetanus2to5) VALUES (6, 1, 'Workers not MIF', NULL, 4, '2016-04-14 18:32:54.609314', 4, '2016-04-14 18:32:54.609314', NULL, NULL, NULL, NULL);
INSERT INTO vaccination_adult_coverage_line_items (id, facilityvisitid, demographicgroup, targetgroup, createdby, createddate, modifiedby, modifieddate, healthcentertetanus1, outreachtetanus1, healthcentertetanus2to5, outreachtetanus2to5) VALUES (7, 1, 'Other not MIF', NULL, 4, '2016-04-14 18:32:54.609314', 4, '2016-04-14 18:32:54.609314', NULL, NULL, NULL, NULL);
INSERT INTO vaccination_adult_coverage_line_items (id, facilityvisitid, demographicgroup, targetgroup, createdby, createddate, modifiedby, modifieddate, healthcentertetanus1, outreachtetanus1, healthcentertetanus2to5, outreachtetanus2to5) VALUES (8, 2, 'Pregnant Women', NULL, 4, '2016-04-14 18:32:54.609314', 4, '2016-04-14 18:32:54.609314', NULL, NULL, NULL, NULL);
INSERT INTO vaccination_adult_coverage_line_items (id, facilityvisitid, demographicgroup, targetgroup, createdby, createddate, modifiedby, modifieddate, healthcentertetanus1, outreachtetanus1, healthcentertetanus2to5, outreachtetanus2to5) VALUES (9, 2, 'MIF 15-49 years - Community', NULL, 4, '2016-04-14 18:32:54.609314', 4, '2016-04-14 18:32:54.609314', NULL, NULL, NULL, NULL);
INSERT INTO vaccination_adult_coverage_line_items (id, facilityvisitid, demographicgroup, targetgroup, createdby, createddate, modifiedby, modifieddate, healthcentertetanus1, outreachtetanus1, healthcentertetanus2to5, outreachtetanus2to5) VALUES (10, 2, 'MIF 15-49 years - Students', NULL, 4, '2016-04-14 18:32:54.609314', 4, '2016-04-14 18:32:54.609314', NULL, NULL, NULL, NULL);
INSERT INTO vaccination_adult_coverage_line_items (id, facilityvisitid, demographicgroup, targetgroup, createdby, createddate, modifiedby, modifieddate, healthcentertetanus1, outreachtetanus1, healthcentertetanus2to5, outreachtetanus2to5) VALUES (11, 2, 'MIF 15-49 years - Workers', NULL, 4, '2016-04-14 18:32:54.609314', 4, '2016-04-14 18:32:54.609314', NULL, NULL, NULL, NULL);
INSERT INTO vaccination_adult_coverage_line_items (id, facilityvisitid, demographicgroup, targetgroup, createdby, createddate, modifiedby, modifieddate, healthcentertetanus1, outreachtetanus1, healthcentertetanus2to5, outreachtetanus2to5) VALUES (12, 2, 'Students not MIF', NULL, 4, '2016-04-14 18:32:54.609314', 4, '2016-04-14 18:32:54.609314', NULL, NULL, NULL, NULL);
INSERT INTO vaccination_adult_coverage_line_items (id, facilityvisitid, demographicgroup, targetgroup, createdby, createddate, modifiedby, modifieddate, healthcentertetanus1, outreachtetanus1, healthcentertetanus2to5, outreachtetanus2to5) VALUES (13, 2, 'Workers not MIF', NULL, 4, '2016-04-14 18:32:54.609314', 4, '2016-04-14 18:32:54.609314', NULL, NULL, NULL, NULL);
INSERT INTO vaccination_adult_coverage_line_items (id, facilityvisitid, demographicgroup, targetgroup, createdby, createddate, modifiedby, modifieddate, healthcentertetanus1, outreachtetanus1, healthcentertetanus2to5, outreachtetanus2to5) VALUES (14, 2, 'Other not MIF', NULL, 4, '2016-04-14 18:32:54.609314', 4, '2016-04-14 18:32:54.609314', NULL, NULL, NULL, NULL);
INSERT INTO vaccination_adult_coverage_line_items (id, facilityvisitid, demographicgroup, targetgroup, createdby, createddate, modifiedby, modifieddate, healthcentertetanus1, outreachtetanus1, healthcentertetanus2to5, outreachtetanus2to5) VALUES (15, 3, 'Pregnant Women', NULL, 4, '2016-04-14 18:32:54.609314', 4, '2016-04-14 18:32:54.609314', NULL, NULL, NULL, NULL);
INSERT INTO vaccination_adult_coverage_line_items (id, facilityvisitid, demographicgroup, targetgroup, createdby, createddate, modifiedby, modifieddate, healthcentertetanus1, outreachtetanus1, healthcentertetanus2to5, outreachtetanus2to5) VALUES (16, 3, 'MIF 15-49 years - Community', NULL, 4, '2016-04-14 18:32:54.609314', 4, '2016-04-14 18:32:54.609314', NULL, NULL, NULL, NULL);
INSERT INTO vaccination_adult_coverage_line_items (id, facilityvisitid, demographicgroup, targetgroup, createdby, createddate, modifiedby, modifieddate, healthcentertetanus1, outreachtetanus1, healthcentertetanus2to5, outreachtetanus2to5) VALUES (17, 3, 'MIF 15-49 years - Students', NULL, 4, '2016-04-14 18:32:54.609314', 4, '2016-04-14 18:32:54.609314', NULL, NULL, NULL, NULL);
INSERT INTO vaccination_adult_coverage_line_items (id, facilityvisitid, demographicgroup, targetgroup, createdby, createddate, modifiedby, modifieddate, healthcentertetanus1, outreachtetanus1, healthcentertetanus2to5, outreachtetanus2to5) VALUES (18, 3, 'MIF 15-49 years - Workers', NULL, 4, '2016-04-14 18:32:54.609314', 4, '2016-04-14 18:32:54.609314', NULL, NULL, NULL, NULL);
INSERT INTO vaccination_adult_coverage_line_items (id, facilityvisitid, demographicgroup, targetgroup, createdby, createddate, modifiedby, modifieddate, healthcentertetanus1, outreachtetanus1, healthcentertetanus2to5, outreachtetanus2to5) VALUES (19, 3, 'Students not MIF', NULL, 4, '2016-04-14 18:32:54.609314', 4, '2016-04-14 18:32:54.609314', NULL, NULL, NULL, NULL);
INSERT INTO vaccination_adult_coverage_line_items (id, facilityvisitid, demographicgroup, targetgroup, createdby, createddate, modifiedby, modifieddate, healthcentertetanus1, outreachtetanus1, healthcentertetanus2to5, outreachtetanus2to5) VALUES (20, 3, 'Workers not MIF', NULL, 4, '2016-04-14 18:32:54.609314', 4, '2016-04-14 18:32:54.609314', NULL, NULL, NULL, NULL);
INSERT INTO vaccination_adult_coverage_line_items (id, facilityvisitid, demographicgroup, targetgroup, createdby, createddate, modifiedby, modifieddate, healthcentertetanus1, outreachtetanus1, healthcentertetanus2to5, outreachtetanus2to5) VALUES (21, 3, 'Other not MIF', NULL, 4, '2016-04-14 18:32:54.609314', 4, '2016-04-14 18:32:54.609314', NULL, NULL, NULL, NULL);



SELECT pg_catalog.setval('vaccination_adult_coverage_line_items_id_seq', 21, true);



INSERT INTO vaccination_child_coverage_line_items (id, facilityvisitid, vaccination, targetgroup, healthcenter11months, outreach11months, healthcenter23months, outreach23months, createdby, createddate, modifiedby, modifieddate) VALUES (1, 1, 'BCG', NULL, NULL, NULL, NULL, NULL, 4, '2016-04-14 18:32:54.609314', 4, '2016-04-14 18:32:54.609314');
INSERT INTO vaccination_child_coverage_line_items (id, facilityvisitid, vaccination, targetgroup, healthcenter11months, outreach11months, healthcenter23months, outreach23months, createdby, createddate, modifiedby, modifieddate) VALUES (2, 1, 'Polio (Newborn)', NULL, NULL, NULL, NULL, NULL, 4, '2016-04-14 18:32:54.609314', 4, '2016-04-14 18:32:54.609314');
INSERT INTO vaccination_child_coverage_line_items (id, facilityvisitid, vaccination, targetgroup, healthcenter11months, outreach11months, healthcenter23months, outreach23months, createdby, createddate, modifiedby, modifieddate) VALUES (3, 1, 'Polio 1st dose', NULL, NULL, NULL, NULL, NULL, 4, '2016-04-14 18:32:54.609314', 4, '2016-04-14 18:32:54.609314');
INSERT INTO vaccination_child_coverage_line_items (id, facilityvisitid, vaccination, targetgroup, healthcenter11months, outreach11months, healthcenter23months, outreach23months, createdby, createddate, modifiedby, modifieddate) VALUES (4, 1, 'Polio 2nd dose', NULL, NULL, NULL, NULL, NULL, 4, '2016-04-14 18:32:54.609314', 4, '2016-04-14 18:32:54.609314');
INSERT INTO vaccination_child_coverage_line_items (id, facilityvisitid, vaccination, targetgroup, healthcenter11months, outreach11months, healthcenter23months, outreach23months, createdby, createddate, modifiedby, modifieddate) VALUES (5, 1, 'Polio 3rd dose', NULL, NULL, NULL, NULL, NULL, 4, '2016-04-14 18:32:54.609314', 4, '2016-04-14 18:32:54.609314');
INSERT INTO vaccination_child_coverage_line_items (id, facilityvisitid, vaccination, targetgroup, healthcenter11months, outreach11months, healthcenter23months, outreach23months, createdby, createddate, modifiedby, modifieddate) VALUES (6, 1, 'Penta 1st dose', NULL, NULL, NULL, NULL, NULL, 4, '2016-04-14 18:32:54.609314', 4, '2016-04-14 18:32:54.609314');
INSERT INTO vaccination_child_coverage_line_items (id, facilityvisitid, vaccination, targetgroup, healthcenter11months, outreach11months, healthcenter23months, outreach23months, createdby, createddate, modifiedby, modifieddate) VALUES (7, 1, 'Penta 2nd dose', NULL, NULL, NULL, NULL, NULL, 4, '2016-04-14 18:32:54.609314', 4, '2016-04-14 18:32:54.609314');
INSERT INTO vaccination_child_coverage_line_items (id, facilityvisitid, vaccination, targetgroup, healthcenter11months, outreach11months, healthcenter23months, outreach23months, createdby, createddate, modifiedby, modifieddate) VALUES (8, 1, 'Penta 3rd dose', NULL, NULL, NULL, NULL, NULL, 4, '2016-04-14 18:32:54.609314', 4, '2016-04-14 18:32:54.609314');
INSERT INTO vaccination_child_coverage_line_items (id, facilityvisitid, vaccination, targetgroup, healthcenter11months, outreach11months, healthcenter23months, outreach23months, createdby, createddate, modifiedby, modifieddate) VALUES (9, 1, 'PCV10 1st dose', NULL, NULL, NULL, NULL, NULL, 4, '2016-04-14 18:32:54.609314', 4, '2016-04-14 18:32:54.609314');
INSERT INTO vaccination_child_coverage_line_items (id, facilityvisitid, vaccination, targetgroup, healthcenter11months, outreach11months, healthcenter23months, outreach23months, createdby, createddate, modifiedby, modifieddate) VALUES (10, 1, 'PCV10 2nd dose', NULL, NULL, NULL, NULL, NULL, 4, '2016-04-14 18:32:54.609314', 4, '2016-04-14 18:32:54.609314');
INSERT INTO vaccination_child_coverage_line_items (id, facilityvisitid, vaccination, targetgroup, healthcenter11months, outreach11months, healthcenter23months, outreach23months, createdby, createddate, modifiedby, modifieddate) VALUES (11, 1, 'PCV10 3rd dose', NULL, NULL, NULL, NULL, NULL, 4, '2016-04-14 18:32:54.609314', 4, '2016-04-14 18:32:54.609314');
INSERT INTO vaccination_child_coverage_line_items (id, facilityvisitid, vaccination, targetgroup, healthcenter11months, outreach11months, healthcenter23months, outreach23months, createdby, createddate, modifiedby, modifieddate) VALUES (12, 1, 'Measles', NULL, NULL, NULL, NULL, NULL, 4, '2016-04-14 18:32:54.609314', 4, '2016-04-14 18:32:54.609314');
INSERT INTO vaccination_child_coverage_line_items (id, facilityvisitid, vaccination, targetgroup, healthcenter11months, outreach11months, healthcenter23months, outreach23months, createdby, createddate, modifiedby, modifieddate) VALUES (13, 2, 'BCG', NULL, NULL, NULL, NULL, NULL, 4, '2016-04-14 18:32:54.609314', 4, '2016-04-14 18:32:54.609314');
INSERT INTO vaccination_child_coverage_line_items (id, facilityvisitid, vaccination, targetgroup, healthcenter11months, outreach11months, healthcenter23months, outreach23months, createdby, createddate, modifiedby, modifieddate) VALUES (14, 2, 'Polio (Newborn)', NULL, NULL, NULL, NULL, NULL, 4, '2016-04-14 18:32:54.609314', 4, '2016-04-14 18:32:54.609314');
INSERT INTO vaccination_child_coverage_line_items (id, facilityvisitid, vaccination, targetgroup, healthcenter11months, outreach11months, healthcenter23months, outreach23months, createdby, createddate, modifiedby, modifieddate) VALUES (15, 2, 'Polio 1st dose', NULL, NULL, NULL, NULL, NULL, 4, '2016-04-14 18:32:54.609314', 4, '2016-04-14 18:32:54.609314');
INSERT INTO vaccination_child_coverage_line_items (id, facilityvisitid, vaccination, targetgroup, healthcenter11months, outreach11months, healthcenter23months, outreach23months, createdby, createddate, modifiedby, modifieddate) VALUES (16, 2, 'Polio 2nd dose', NULL, NULL, NULL, NULL, NULL, 4, '2016-04-14 18:32:54.609314', 4, '2016-04-14 18:32:54.609314');
INSERT INTO vaccination_child_coverage_line_items (id, facilityvisitid, vaccination, targetgroup, healthcenter11months, outreach11months, healthcenter23months, outreach23months, createdby, createddate, modifiedby, modifieddate) VALUES (17, 2, 'Polio 3rd dose', NULL, NULL, NULL, NULL, NULL, 4, '2016-04-14 18:32:54.609314', 4, '2016-04-14 18:32:54.609314');
INSERT INTO vaccination_child_coverage_line_items (id, facilityvisitid, vaccination, targetgroup, healthcenter11months, outreach11months, healthcenter23months, outreach23months, createdby, createddate, modifiedby, modifieddate) VALUES (18, 2, 'Penta 1st dose', NULL, NULL, NULL, NULL, NULL, 4, '2016-04-14 18:32:54.609314', 4, '2016-04-14 18:32:54.609314');
INSERT INTO vaccination_child_coverage_line_items (id, facilityvisitid, vaccination, targetgroup, healthcenter11months, outreach11months, healthcenter23months, outreach23months, createdby, createddate, modifiedby, modifieddate) VALUES (19, 2, 'Penta 2nd dose', NULL, NULL, NULL, NULL, NULL, 4, '2016-04-14 18:32:54.609314', 4, '2016-04-14 18:32:54.609314');
INSERT INTO vaccination_child_coverage_line_items (id, facilityvisitid, vaccination, targetgroup, healthcenter11months, outreach11months, healthcenter23months, outreach23months, createdby, createddate, modifiedby, modifieddate) VALUES (20, 2, 'Penta 3rd dose', NULL, NULL, NULL, NULL, NULL, 4, '2016-04-14 18:32:54.609314', 4, '2016-04-14 18:32:54.609314');
INSERT INTO vaccination_child_coverage_line_items (id, facilityvisitid, vaccination, targetgroup, healthcenter11months, outreach11months, healthcenter23months, outreach23months, createdby, createddate, modifiedby, modifieddate) VALUES (21, 2, 'PCV10 1st dose', NULL, NULL, NULL, NULL, NULL, 4, '2016-04-14 18:32:54.609314', 4, '2016-04-14 18:32:54.609314');
INSERT INTO vaccination_child_coverage_line_items (id, facilityvisitid, vaccination, targetgroup, healthcenter11months, outreach11months, healthcenter23months, outreach23months, createdby, createddate, modifiedby, modifieddate) VALUES (22, 2, 'PCV10 2nd dose', NULL, NULL, NULL, NULL, NULL, 4, '2016-04-14 18:32:54.609314', 4, '2016-04-14 18:32:54.609314');
INSERT INTO vaccination_child_coverage_line_items (id, facilityvisitid, vaccination, targetgroup, healthcenter11months, outreach11months, healthcenter23months, outreach23months, createdby, createddate, modifiedby, modifieddate) VALUES (23, 2, 'PCV10 3rd dose', NULL, NULL, NULL, NULL, NULL, 4, '2016-04-14 18:32:54.609314', 4, '2016-04-14 18:32:54.609314');
INSERT INTO vaccination_child_coverage_line_items (id, facilityvisitid, vaccination, targetgroup, healthcenter11months, outreach11months, healthcenter23months, outreach23months, createdby, createddate, modifiedby, modifieddate) VALUES (24, 2, 'Measles', NULL, NULL, NULL, NULL, NULL, 4, '2016-04-14 18:32:54.609314', 4, '2016-04-14 18:32:54.609314');
INSERT INTO vaccination_child_coverage_line_items (id, facilityvisitid, vaccination, targetgroup, healthcenter11months, outreach11months, healthcenter23months, outreach23months, createdby, createddate, modifiedby, modifieddate) VALUES (25, 3, 'BCG', NULL, NULL, NULL, NULL, NULL, 4, '2016-04-14 18:32:54.609314', 4, '2016-04-14 18:32:54.609314');
INSERT INTO vaccination_child_coverage_line_items (id, facilityvisitid, vaccination, targetgroup, healthcenter11months, outreach11months, healthcenter23months, outreach23months, createdby, createddate, modifiedby, modifieddate) VALUES (26, 3, 'Polio (Newborn)', NULL, NULL, NULL, NULL, NULL, 4, '2016-04-14 18:32:54.609314', 4, '2016-04-14 18:32:54.609314');
INSERT INTO vaccination_child_coverage_line_items (id, facilityvisitid, vaccination, targetgroup, healthcenter11months, outreach11months, healthcenter23months, outreach23months, createdby, createddate, modifiedby, modifieddate) VALUES (27, 3, 'Polio 1st dose', NULL, NULL, NULL, NULL, NULL, 4, '2016-04-14 18:32:54.609314', 4, '2016-04-14 18:32:54.609314');
INSERT INTO vaccination_child_coverage_line_items (id, facilityvisitid, vaccination, targetgroup, healthcenter11months, outreach11months, healthcenter23months, outreach23months, createdby, createddate, modifiedby, modifieddate) VALUES (28, 3, 'Polio 2nd dose', NULL, NULL, NULL, NULL, NULL, 4, '2016-04-14 18:32:54.609314', 4, '2016-04-14 18:32:54.609314');
INSERT INTO vaccination_child_coverage_line_items (id, facilityvisitid, vaccination, targetgroup, healthcenter11months, outreach11months, healthcenter23months, outreach23months, createdby, createddate, modifiedby, modifieddate) VALUES (29, 3, 'Polio 3rd dose', NULL, NULL, NULL, NULL, NULL, 4, '2016-04-14 18:32:54.609314', 4, '2016-04-14 18:32:54.609314');
INSERT INTO vaccination_child_coverage_line_items (id, facilityvisitid, vaccination, targetgroup, healthcenter11months, outreach11months, healthcenter23months, outreach23months, createdby, createddate, modifiedby, modifieddate) VALUES (30, 3, 'Penta 1st dose', NULL, NULL, NULL, NULL, NULL, 4, '2016-04-14 18:32:54.609314', 4, '2016-04-14 18:32:54.609314');
INSERT INTO vaccination_child_coverage_line_items (id, facilityvisitid, vaccination, targetgroup, healthcenter11months, outreach11months, healthcenter23months, outreach23months, createdby, createddate, modifiedby, modifieddate) VALUES (31, 3, 'Penta 2nd dose', NULL, NULL, NULL, NULL, NULL, 4, '2016-04-14 18:32:54.609314', 4, '2016-04-14 18:32:54.609314');
INSERT INTO vaccination_child_coverage_line_items (id, facilityvisitid, vaccination, targetgroup, healthcenter11months, outreach11months, healthcenter23months, outreach23months, createdby, createddate, modifiedby, modifieddate) VALUES (32, 3, 'Penta 3rd dose', NULL, NULL, NULL, NULL, NULL, 4, '2016-04-14 18:32:54.609314', 4, '2016-04-14 18:32:54.609314');
INSERT INTO vaccination_child_coverage_line_items (id, facilityvisitid, vaccination, targetgroup, healthcenter11months, outreach11months, healthcenter23months, outreach23months, createdby, createddate, modifiedby, modifieddate) VALUES (33, 3, 'PCV10 1st dose', NULL, NULL, NULL, NULL, NULL, 4, '2016-04-14 18:32:54.609314', 4, '2016-04-14 18:32:54.609314');
INSERT INTO vaccination_child_coverage_line_items (id, facilityvisitid, vaccination, targetgroup, healthcenter11months, outreach11months, healthcenter23months, outreach23months, createdby, createddate, modifiedby, modifieddate) VALUES (34, 3, 'PCV10 2nd dose', NULL, NULL, NULL, NULL, NULL, 4, '2016-04-14 18:32:54.609314', 4, '2016-04-14 18:32:54.609314');
INSERT INTO vaccination_child_coverage_line_items (id, facilityvisitid, vaccination, targetgroup, healthcenter11months, outreach11months, healthcenter23months, outreach23months, createdby, createddate, modifiedby, modifieddate) VALUES (35, 3, 'PCV10 3rd dose', NULL, NULL, NULL, NULL, NULL, 4, '2016-04-14 18:32:54.609314', 4, '2016-04-14 18:32:54.609314');
INSERT INTO vaccination_child_coverage_line_items (id, facilityvisitid, vaccination, targetgroup, healthcenter11months, outreach11months, healthcenter23months, outreach23months, createdby, createddate, modifiedby, modifieddate) VALUES (36, 3, 'Measles', NULL, NULL, NULL, NULL, NULL, 4, '2016-04-14 18:32:54.609314', 4, '2016-04-14 18:32:54.609314');



SELECT pg_catalog.setval('vaccination_child_coverage_line_items_id_seq', 36, true);


